Site,Year,CobleA,CobleB,CobleC,CobleM,CobleT,Lignin,M_to_C,HIX,BIX,FI
1,2021,0.00992716,0.022415735,0.009133572,0.011128298,0.022016804,0.017116524,1.218394935,0.822242503,0.764862026,1.799810609
2,2021,0.006034924,0.007370588,0.004747831,0.007191637,0.012507304,0.011747751,1.514720409,0.69081697,0.824416867,1.814903123
3,2021,0.006794827,0.021706116,0.005052694,0.009224386,0.025680258,0.010654615,1.825637071,0.405338858,0.918283679,1.784164404
4,2021,0.007052061,0.020212955,0.005404728,0.008656829,0.022148679,0.023460785,1.601714122,0.492455082,0.73854204,1.665299365
5,2021,0.0091091,0.022284994,0.008290935,0.012046041,0.032596516,0.013084508,1.452917141,0.618622114,1.029781439,1.689626063
6,2021,0.005648715,0.006968854,0.004081666,0.007296134,0.017126183,0,1.787538521,0.478285856,0.77111819,1.204958132
7,2021,0.010115907,0.01134186,0.009275078,0.011929275,0.02136666,0.007194491,1.286164418,1.098101122,0.877994599,1.628755192
8,2021,0.007696034,0.003389053,0.005627615,0.008975038,0.014762458,0.012448475,1.594821069,0.544071206,0.701631811,1.635401539
9,2021,0.010502643,0.020077358,0.009242978,0.014852732,0.037136906,0.024465354,1.606920698,0.530576265,0.91595402,1.601756695
10,2021,0.005694548,0,0.003953378,0.007162687,0.011086273,0.007558664,1.811789056,0.414914165,0.410492582,1.856158561
11,2021,0.015909847,0.016987508,0.013026502,0.018080567,0.025355074,0.024931221,1.387983322,0.969554959,0.769531457,1.496675388
13,2021,0.015713354,0.023335802,0.015649104,0.019328792,0.03645152,0.019975474,1.235137308,1.120305724,0.875977013,1.643854131
14,2021,0.008343216,0.006127044,0.005395305,0.008945437,0.018447885,0.015429297,1.658004116,0.243107278,0.46970272,1.976788422
15,2021,0.008591539,0.014150736,0.006841575,0.011011436,0.025000905,0.024771841,1.609488346,0.474898524,0.675906006,1.653799469
16,2021,0.011929513,0.013212894,0.010028945,0.013748147,0.01496707,0.016675971,1.370846866,1.404060228,0.632763815,1.583525152
17,2021,0.009709338,0.021802167,0.007436791,0.0124829,0.030423707,0.010048782,1.678533023,1.047752552,0.626533089,1.534566489
19,2021,0.034887147,0.036884102,0.030225733,0.049372326,0.074547482,0.052428164,1.633453406,1.10481761,1.09797735,1.585789558
20,2021,0.005391887,0.011997628,0.004248081,0.006616546,0.009955421,0,1.557537577,0.324811422,0.565300001,1.688242561
21,2021,0.005708986,0.009166067,0.005021964,0.006954929,0.016540642,0.004153949,1.384902172,0.537479641,0.586953597,1.548411207
22,2021,0.005601525,0.018114234,0.00413473,0.007608903,0.016319236,0.003327047,1.840241736,0.360489212,0.603791795,1.583200143
24,2021,0.007161034,0,0.006965989,0.009021724,0.014424867,0,1.29511026,0.850786319,0.808147146,1.453706026
25,2021,0.006571149,0.010334161,0.005038845,0.008045571,0.015348208,0,1.596709599,0.562704336,0.553362436,1.695325747
26,2021,0.007648033,0.014583811,0.006202138,0.009980178,0.019589699,0.002423966,1.609151245,0.600059522,0.681526541,1.592897626
27,2021,0.007489943,0.034554658,0.005484969,0.009116793,0.026981561,0.030666048,1.662141083,0.385975866,0.529626727,1.78025333
28,2021,0.004509658,0.013893289,0.00379488,0.006077856,0.017042264,0,1.60159381,0.257269156,0.555992567,1.87403518
29,2021,0.006270762,0.019275774,0.004366966,0.010787192,0.019454974,0.011600256,2.470179678,0.397092475,0.663948672,1.38228933
30,2021,0.004853534,0.018971698,0.003670611,0.006345479,0.015239781,0.003780159,1.728725657,0.319256681,0.60135665,2.027286049
31,2021,0.005017723,0.010089727,0.003964822,0.006560992,0.013007462,0.003706137,1.654801204,0.402821248,0.546122499,1.627132021
32,2021,0.006923925,0.038197414,0.005628627,0.008152443,0.021751235,0.014538617,1.448389286,0.408228204,0.829631283,1.839213193
34,2021,0.008375394,0.038763515,0.00671298,0.011352937,0.030742302,0.004228708,1.691191838,0.347828736,0.844461929,1.392768677
35,2021,0.008237549,0.032922503,0.007226221,0.011063578,0.020048972,0.025234216,1.531032368,0.566175198,0.739638146,1.452456897
36,2021,0.014257524,0.032987898,0.011512373,0.015357032,0.031157063,0.015124501,1.333958876,0.52164143,0.646722443,1.537628984
37,2021,0.010060148,0.043451614,0.008131541,0.01196,0.026169799,0.01980029,1.47081583,0.490019852,0.722356876,1.529240787
38,2021,0.010114953,0.035386902,0.008147669,0.011911247,0.030791154,0.018530106,1.461920822,0.401326886,0.75295006,1.585828977
39,2021,0.011488308,0.040119937,0.007850536,0.012715799,0.031765594,0.01753755,1.619736376,0.335682188,0.714534149,1.572719906
40,2021,0.009145139,0.027527572,0.007568288,0.01203312,0.020217454,0.02796825,1.589939531,0.623439281,0.786503376,1.547630833
41,2021,0.009589228,0.045116209,0.007669615,0.011517702,0.035192482,0.021998531,1.501731487,0.362558587,0.828308125,1.498586967
42,2021,0.011253813,0.042004534,0.007624379,0.012265076,0.026529972,0.041145597,1.608665571,0.53774491,0.648150382,1.472551369
43,2021,0.00701749,0.030257456,0.004995189,0.00823871,0.020420519,0.022079449,1.649328888,0.378343809,0.739584711,1.536066141
44,2021,0.008685297,0.034682631,0.006832287,0.010503971,0.023355786,0.031895476,1.537401973,0.542145301,0.629635922,1.410700435
45,2021,0.00856599,0.050330604,0.006999429,0.011578448,0.029226272,0.009161596,1.654198862,0.533741864,0.771875375,1.394655868
46,2021,0.008475899,0.0365272,0.007011716,0.010085532,0.022050893,0.018950185,1.438382879,0.649006618,0.748545433,1.534909579
47,2021,0.008560549,0.026083519,0.007394007,0.009695101,0.020666115,0.028714869,1.311210613,0.671633319,0.668868733,1.875572532
48,2021,0.007436546,0.038570807,0.006109247,0.011249332,0.026828383,0.015104973,1.841361371,0.364863984,0.831257856,1.537547772
50,2021,0.006459024,0.032132503,0.005139094,0.008748758,0.017660692,0.018365904,1.702393202,0.467866485,0.800367918,1.662981815
51,2021,0.008469925,0.031418282,0.007552173,0.010751858,0.018719371,0.033908614,1.423677428,0.53075516,0.703789067,1.816342339
52,2021,0.011265983,0.037654376,0.009486785,0.01414746,0.037819271,0.033146541,1.491280841,0.379858448,0.779498126,1.663878624
53,2021,0.014324056,0.02098804,0.015597957,0.016416548,0.030337636,0.035676937,1.052480627,0.851433775,0.927640938,1.669163294
54,2021,0.010526101,0.02892133,0.009373023,0.012473205,0.023274071,0.036178259,1.330755816,0.634698083,0.684419433,1.718822435
55,2021,0.014388283,0.023720988,0.012896822,0.015849168,0.030828495,0,1.228920417,0.8103557,0.803526284,1.732252899
56,2021,0.007180749,0.042678003,0.005611713,0.009331391,0.022494637,0,1.662841782,0.335130565,0.674161789,1.636603225
57,2021,0.008391329,0.08275572,0.005915268,0.011382768,0.022230959,0.009940399,1.924302873,0.371666033,0.604810026,1.68419793
58,2021,0.00860842,0.03796269,0.00633246,0.013420294,0.019893627,0.012263594,2.119286194,0.43928035,1.196073172,1.91005279
59,2021,0.007914979,0.020532539,0.005502618,0.01017612,0.011248481,0,1.849323437,0.539625719,0.533890752,1.891864762
60,2021,0.009719033,0.050701294,0.007156186,0.012507825,0.025752893,0.018492441,1.747834064,0.472411189,0.652095669,1.932097466
61,2021,0.008315215,0.030773756,0.006212644,0.010127478,0.017224166,0.012998986,1.630139733,0.373460654,0.494966129,1.851866495
62,2021,0.012122313,0.053692823,0.010523345,0.016947608,0.036267218,0.004010442,1.610477227,0.629126502,1.121185601,1.789518789
63,2021,0.00770124,0.033020468,0.006795167,0.01084625,0.030127947,0.020656621,1.596171214,0.28956542,0.796356326,1.981510724
64,2021,0.008633969,0.051988722,0.007074388,0.010036394,0.03134387,0.009693592,1.418694288,0.481172163,0.702367404,1.894514552
65,2021,0.014453152,0.061731542,0.014739838,0.022114146,0.06628072,0.009188559,1.500297805,0.708598737,1.258024176,1.863427069
66,2021,0.013596801,0.037784485,0.012043258,0.0146669,0.043404636,0.037116039,1.217851536,0.644946382,0.759452274,1.679342017
67,2021,0.012516373,0.043649206,0.010649407,0.013857932,0.031355046,0.022127299,1.301286709,0.50726064,0.77291329,1.692360126
68,2021,0.007917701,0.042912454,0.005951949,0.010453943,0.025391742,0.012651935,1.756389806,0.324032323,0.704006281,1.582622808
69,2021,0.013900617,0.045740244,0.01239129,0.017250137,0.040598341,0.005062151,1.392117987,0.577352861,0.834487148,1.646104649
70,2021,0.009218683,0.050547438,0.00767683,0.01041083,0.029555268,0.029608614,1.356136531,0.404840119,0.766634724,1.790659512
71,2021,0.007991127,0.033873682,0.007241545,0.00929587,0.029092251,0.007363911,1.283686015,0.529183015,0.90248648,1.811634809
72,2021,0.008165042,0.03654816,0.007252657,0.010404976,0.021745017,0.018421652,1.434643372,0.450505883,0.685224211,1.724272815
73,2021,0.007506273,0.037197821,0.007001227,0.010578582,0.035469738,0.014800394,1.510961159,0.422877921,0.942574159,1.771092555
74,2021,0.006475425,0.045837921,0.005029628,0.007682063,0.026896919,0,1.52736189,0.347290426,0.871018504,1.544969392
75,2021,0.006760205,0.038905184,0.005972862,0.008314905,0.029783208,0.007753385,1.392114029,0.555483296,0.868486669,1.520313187
76,2021,0.011130249,0.063171751,0.007989291,0.014668711,0.035436338,0,1.836046665,0.423615444,0.767096908,1.489647134
77,2021,0.012007584,0.050552965,0.009420263,0.014629397,0.039651166,0.016582935,1.55297119,0.482253382,0.729084944,1.827410186
78,2021,0.007663307,0.046360928,0.005553955,0.009258561,0.019748374,0.002572495,1.667021449,0.41746248,0.630835224,1.83337376
79,2021,0.005380734,0.020325034,0.004132093,0.00766908,0.013251838,0,1.8559796,0.486474695,0.691743665,1.702654661
80,2021,0.013423822,0.056268153,0.012519736,0.014862485,0.030341925,0.005949252,1.187124436,0.771443678,0.776239458,1.618353796
81,2021,0.014526214,0.043560494,0.009924145,0.014764625,0.03598649,0.028944898,1.487747749,0.397795338,0.624999157,1.553796832
82,2021,0.010143792,0.038931445,0.008961125,0.011982413,0.03029813,0.000297315,1.33715499,0.781667205,0.827198887,1.632303897
83,2021,0.008698067,0.025927737,0.005080074,0.011311792,0.015669282,0,2.226698294,0.460242653,0.634033756,1.497138001
84,2021,0.009997873,0.023625355,0.006749279,0.011475637,0.024520672,0.030292166,1.70027606,0.242702016,0.443549746,1.76358352
85,2021,0.006700073,0.032932348,0.00621297,0.008783586,0.027305077,0,1.413750004,0.504086306,0.728652265,1.373057642
86,2021,0.009764904,0.033280127,0.005811845,0.011566017,0.018872638,0.020067642,1.990076777,0.353121918,0.565419614,1.659779712
87,2021,0.007853831,0.028076335,0.006423912,0.010749358,0.015699392,0,1.673335262,0.554146962,0.638223168,1.598914204
89,2021,0.007138851,0.025695776,0.005799385,0.009238801,0.015696535,0.005235692,1.593065626,0.491741389,0.57056241,1.817960788
90,2021,0.02125116,0.038071999,0.019479801,0.024482298,0.038807136,0.008526043,1.256804328,1.09126783,0.82150425,1.792682531
91,2021,0.008342158,0.023609888,0.006954889,0.011680648,0.022110048,0.010285898,1.679487426,0.526251774,0.741694382,1.749632876
92,2021,0.010252954,0.013792538,0.006419619,0.011747862,0.017365647,0.031962389,1.829993462,0.318624811,0.644028759,1.755697604
93,2021,0.013204993,0.027950752,0.010684115,0.018350519,0.047864979,0.055932825,1.717551561,0.300062224,0.92749781,1.394610701
94,2021,0.017644593,0.02597169,0.01237655,0.021330352,0.036820027,0.022845056,1.723448982,0.661591636,0.62574078,1.526312526
95,2021,0.022321095,0.055154205,0.01648274,0.023730033,0.05455046,0.068699376,1.43968981,0.53894925,0.678810837,1.596600798
96,2021,0.013221232,0.029458152,0.012057613,0.017263809,0.026406341,0.005910562,1.431776624,0.891468843,0.806209375,1.566978689
97,2021,0.021876764,0.123746874,0.018318727,0.026620652,0.103020279,0.07661207,1.453193396,0.389388392,0.719961167,1.591990406
98,2021,0.008288865,0.033121094,0.007080936,0.012456046,0.030325108,0.010415769,1.75909584,0.503433291,0.755155052,1.595234176
99,2021,0.010490319,0.015494904,0.010365088,0.013681281,0.018564988,0.016214265,1.319938721,0.803635598,0.749291792,1.58342786
100,2021,0.006957068,0.021989299,0.005546734,0.009453128,0.017446543,0.010846026,1.704269167,0.534072912,0.719531159,1.760147757
101,2021,0.010354445,0.018955499,0.007429432,0.013483836,0.029124385,0.030699957,1.814921579,0.439392867,0.78498084,1.483087529
102,2021,0.008155724,0.021588299,0.007022732,0.009681634,0.022359213,0.01941066,1.378613498,0.444432683,0.840620157,1.738500516
103,2021,0.010790797,0.017499401,0.009122519,0.014116664,0.028678669,0.010093701,1.547452438,0.556458908,0.856289056,1.844989488
104,2021,0.032009889,0.057889234,0.025843877,0.032462215,0.061021834,0.070140657,1.256089215,0.664550186,0.617394937,1.563777668
105,2021,0.01087218,0.05469274,0.009113403,0.014696243,0.038098091,0.025019569,1.61259659,0.421535969,0.833172405,1.487188376
106,2021,0.011656865,0.043161939,0.007555653,0.016621242,0.024997712,0.0250378,2.199842038,0.408277501,0.660636857,1.705456595
107,2021,0.01148495,0.030451939,0.008292831,0.012625119,0.025971204,0.058789478,1.522413697,0.259654095,0.598400923,1.567087179
108,2021,0.010313261,0.047408771,0.007074558,0.011423154,0.02959153,0.024576014,1.614680899,0.353539818,0.669301396,1.650753206
109,2021,0.010354481,0.045109508,0.008032093,0.012202855,0.024666503,0.003691352,1.519262113,0.483963559,0.622418324,1.731343283
110,2021,0.014015072,0.032989691,0.011891097,0.015511519,0.038091634,0.048115272,1.304464898,0.433257537,0.67136255,1.614038308
111,2021,0.009384775,0.055257508,0.007225063,0.011006851,0.025897102,0.020543512,1.523426368,0.404239281,0.757383298,2.129748263
112,2021,0.011883483,0.047041759,0.009965793,0.013443111,0.027735305,0.030349325,1.348925403,0.450167478,0.704416741,1.599698321
113,2021,0.04039486,0.074733348,0.032449303,0.043587924,0.076568355,0.072177088,1.343262247,1.066925325,0.648218339,1.554198532
114,2021,0.006010234,0.043496637,0.005046322,0.00925567,0.014832471,0.004703268,1.834141817,0.545833698,0.704994323,1.827808633
115,2021,0.007616536,0.027233498,0.007029305,0.009780938,0.029143497,0.000803451,1.391451696,0.468748025,0.875452149,1.621392729
116,2021,0.01168355,0.042121894,0.008560118,0.013179601,0.025630694,0.036677471,1.539651759,0.507361017,0.628220726,1.614643007
117,2021,0.007908854,0.029572084,0.007001467,0.012011773,0.029674379,0.028319322,1.715608027,0.536997206,0.914394957,1.379848345
118,2021,0.009238407,0.040139055,0.008273523,0.011210954,0.023663861,0.006969954,1.355039929,0.523834889,0.790855362,1.650819405
119,2021,0.006849454,0.039269895,0.006801297,0.008614298,0.025385581,0.004969074,1.266566807,0.408746511,0.728307711,1.541489923
120,2021,0.007572919,0.037136046,0.007389487,0.010612123,0.023874413,0.017016354,1.436110863,0.632137961,0.722938949,1.598073088
121,2021,0.010429239,0.05265355,0.011452229,0.01216206,0.027206995,0.016001454,1.06198194,0.497348142,0.700929577,1.659342709
122,2021,0.007825533,0.037585468,0.006602065,0.010537625,0.020348492,0,1.596110472,0.470870119,0.677318605,1.413727749
123,2021,0.009972702,0.047120338,0.009397264,0.012913062,0.032871406,0.005977369,1.374129994,0.481278881,0.955612025,1.361992011
125,2021,0.013724291,0.041342767,0.013208379,0.016531322,0.034548065,0.015392199,1.251578358,0.77608184,0.732521212,1.757806274
126,2021,0.030173228,0.053422034,0.02695547,0.033315831,0.043397428,0.031305404,1.235958083,1.159500623,0.67008421,1.628360567
127,2021,0.01206284,0.042413911,0.01062782,0.015733178,0.039609848,0.011100291,1.480376816,0.582528071,0.820828524,1.607052241
128,2021,0.007069253,0.006146779,0.006750958,0.008671181,0.009836316,0.001476772,1.284437194,0.628646499,0.671445458,1.668157621
129,2021,0.017850163,0.018975541,0.016496357,0.01936651,0.016455325,0.01743927,1.173987047,1.529565665,0.68191258,1.638806706
130,2021,0.008082255,0.005553506,0.006350211,0.009770464,0.01500449,0,1.538604717,0.562113359,0.686343302,1.522846676
131,2021,0.010482191,0.002667242,0.009421961,0.012776422,0.012238532,0.007596906,1.356025678,0.646966181,0.777407489,1.586807386
132,2021,0.011627065,0.01176533,0.010146294,0.014497577,0.019035847,0.023280558,1.428854465,0.749380525,0.734437544,1.582921452
133,2021,0.012651532,0,0.010711319,0.01450064,0.015558964,0.009996005,1.353767917,1.236364885,0.73352334,1.699693486
134,2021,0.010243883,0.039432297,0.008567578,0.014989818,0.032650005,0.009780239,1.749597998,0.562346245,0.983446112,1.889404591
136,2021,0.020431947,0.037525934,0.018282549,0.024886895,0.043571273,0.044882403,1.361237725,0.667454105,0.784610651,1.816251589
137,2021,0.008253175,0.021655835,0.007581547,0.011188923,0.018931638,0.021358414,1.475809941,0.557642772,0.782583128,1.689266847
138,2021,0.012031157,0.03607346,0.011223131,0.013950667,0.031899882,0.014806856,1.243028081,0.573290978,0.727716898,1.745261526
139,2021,0.012658677,0.013991733,0.011600758,0.014301644,0.018296454,0.008296566,1.232819731,1.186873094,0.706743273,1.623807274
140,2021,0.016472264,0.018119885,0.015920023,0.017961847,0.024625777,0.015979342,1.128255103,1.201204365,0.818322032,1.617632534
141,2021,0.017577286,0.032809821,0.017243044,0.022097195,0.034015311,0.024740975,1.281513604,0.872540757,0.781740363,1.648618915
142,2021,0.013392395,0.039615736,0.012262944,0.015501641,0.030243238,0.040002441,1.264104359,0.812436117,0.824907814,1.615441851
143,2021,0.017158066,0.032770463,0.016297553,0.019815453,0.041566861,0.039809651,1.215854487,0.826564207,0.789137188,1.640180793
144,2021,0.013957275,0.02721567,0.012783067,0.017812592,0.06956061,0.23790278,1.393452198,0.613527613,1.333056004,1.807340653
145,2021,0.013168312,0.030126894,0.01239669,0.014631448,0.028169833,0.043454387,1.180270525,0.894556067,0.788854007,1.557809726
146,2021,0.010043305,0.028546794,0.009008046,0.012433587,0.024913948,0.026343195,1.380275691,0.629784091,0.730309897,1.892251138
147,2021,0.008728225,0.030224552,0.007052813,0.010663446,0.026003766,0.018034334,1.511942391,0.496758457,0.99546346,1.763334336
148,2021,,,,,,,,,,
149,2021,0.01402946,0.057849986,0.013118009,0.016732465,0.074691845,0.101177945,1.275533858,0.450605845,1.061205551,1.737029904
150,2021,0.0151112,0.033875405,0.010581849,0.0153607,0.036197648,0.046297126,1.451608387,0.392851181,0.537232794,1.62965396
151,2021,0.006842031,0.017317765,0.005218583,0.008710987,0.016407529,0.012281786,1.669224408,0.538394322,0.762962428,1.355414658
152,2021,0.010081945,0.033746098,0.008881293,0.015161797,0.030770093,0.024655121,1.707160921,0.539059754,0.740327152,1.721113695
153,2021,0.010371074,0.02312453,0.009148122,0.013662164,0.027303279,0.009519954,1.493439204,0.656561634,0.790881097,1.657536167
154,2021,0.010299449,0.028359338,0.008883663,0.013213948,0.017319587,0.018251307,1.487443521,0.825232121,0.672450882,1.749209367
155,2021,0.009864498,0.035385184,0.008649861,0.011475818,0.039160149,0.024733694,1.326705575,0.464653463,0.691143943,1.673900381
156,2021,0.032977214,0.065195875,0.024828352,0.035743527,0.052542576,0.051280035,1.439625408,1.282480375,0.554776479,1.554421971
157,2021,0.018927387,0.025121335,0.018445744,0.021542066,0.0319611,0.032415159,1.16786107,1.359459119,0.73373362,1.602523403
158,2021,0.016280528,0.043216814,0.009432171,0.016248698,0.029886895,0.023597506,1.722689042,0.455621424,0.537852757,1.531489572
159,2021,0.009322626,0.036498202,0.008412906,0.01181083,0.019766868,0.025129877,1.40389425,0.608777842,0.690795686,1.746503391
160,2021,0.020357832,0.067879408,0.020430368,0.030159271,0.082636667,0.016821154,1.47619813,1.006058187,1.544554114,1.792885777
161,2021,0.008885126,0.037518536,0.007254699,0.011405643,0.027877805,0.014292309,1.572173159,0.463779808,0.732403097,1.651101171
162,2021,0.014982378,0.036925232,0.013588902,0.016812351,0.033460288,0.026479644,1.237211955,1.009654483,0.699306517,1.560445229
163,2021,0.008077727,0.034759807,0.005823483,0.009997076,0.017609789,0.007829088,1.716683352,0.542854741,0.679109359,1.612741954
164,2021,0.008028984,0.025400605,0.006918329,0.009799735,0.018885072,0.001349502,1.416488735,0.558906597,0.755199455,1.620856012
165,2021,0.016918504,0.038984031,0.014733424,0.020033759,0.042691156,0.032242079,1.359749095,0.756725345,0.782335446,1.663054346
166,2021,0.00758514,0.034027867,0.005909003,0.009360089,0.017108359,0,1.584038459,0.536584693,0.761386468,1.514306307
167,2021,0.010318192,0.034957046,0.008269565,0.013010006,0.020536029,0.014840601,1.573239429,0.765063374,0.683264014,1.719833132
168,2021,0.009099534,0.053339642,0.006768048,0.0115089,0.029776843,0.027068002,1.700475545,0.249665655,0.722842052,1.724283109
169,2021,0.011861386,0.037931684,0.008544308,0.015158835,0.024244122,0.021912836,1.774144124,0.555283517,0.802974976,1.653724825
170,2021,0.011725947,0.038580775,0.009914381,0.014289903,0.031749148,0.021035779,1.441330831,0.649441697,0.682663793,1.688060417
171,2021,0.010150765,0.031527109,0.009100433,0.011420885,0.029816828,0.006462346,1.254982641,0.676545344,0.954361144,1.616006145
172,2021,0.010494755,0.036287574,0.008605441,0.013599136,0.025550801,0.006130581,1.580295011,0.582348499,0.722075232,1.5893266
173,2021,0.009377376,0.023900929,0.008187976,0.011701776,0.018489332,0.007272649,1.429141411,0.642031981,0.658726864,1.699115148
175,2021,0.011607544,0.023233617,0.007854028,0.012478965,0.023783701,0.019565644,1.588861798,0.45590098,0.611407496,1.794412547
176,2021,0.01256809,0.031860308,0.010796572,0.016661581,0.025946562,0.00858303,1.543228885,0.975159418,0.882642843,1.552911484
178,2021,0.019052157,0.032723883,0.016338131,0.021455181,0.030499304,0.021389041,1.313196745,0.968348187,0.681051506,1.616541945
179,2021,0.013420971,0.045536066,0.009925187,0.015659561,0.032465343,0,1.57775982,0.573486812,0.708893761,1.697564544
180,2021,0.010691714,0.032797747,0.009606123,0.014232801,0.031910075,0,1.481638436,0.602969268,0.724812313,1.601756954
181,2021,0.008517397,0.03739929,0.007044739,0.011332673,0.029965531,0.00509469,1.608671922,0.547882452,0.841026373,1.70301357
182,2021,0.00972622,0.024753996,0.008273557,0.014468264,0.029426924,0.019262387,1.748735587,0.514192995,1.051363978,1.904069208
183,2021,0.00747781,0.030464971,0.005810594,0.009568568,0.020083307,0.013387538,1.64674528,0.387983317,0.602003853,1.630447427
184,2021,0.007990546,0.044779711,0.006453274,0.010881297,0.033079959,0.01444495,1.686166777,0.358411819,0.674991588,1.809671429
185,2021,0.008368242,0.043985567,0.006303393,0.009910973,0.025884305,0.001145401,1.572323549,0.391281325,0.657023398,1.665744505
186,2021,0.007923154,0.025485416,0.006631591,0.009649287,0.015661555,0,1.455048605,0.736678734,0.737276827,1.78407362
187,2021,0.007746904,0.035650286,0.006197488,0.009327791,0.017834654,0.003236042,1.505092197,0.54937931,0.725181583,2.061647662
188,2021,0.007013839,0.041861066,0.005091882,0.008154307,0.016508178,0.014282134,1.601432822,0.601306693,0.72556576,1.973329535
200,2021,0.009335241,0.036822628,0.007870711,0.011828299,0.024475625,0.012265648,1.50282462,0.472758771,0.648541144,1.657000342
201,2021,0.010285992,0.043407802,0.007745701,0.012365171,0.037832974,0.020430063,1.596391413,0.474544407,0.768916004,1.598324612
202,2021,0.014047206,0.034982141,0.012418691,0.016005601,0.029598742,0.017290069,1.288831514,0.937139882,0.738240384,1.530796373
203,2021,0.023516075,0.037974858,0.019166652,0.024848581,0.041307133,0.051357099,1.296448666,0.554736815,0.732155303,1.702344088
204,2021,0.021742455,0.065132919,0.020045375,0.026021676,0.058454478,0.027102327,1.298138673,0.902932925,0.925946402,1.72463562
205,2021,0.018826395,0.04190125,0.016750324,0.020155132,0.037150231,0.025691159,1.203268164,0.914133944,0.687160685,1.542916547
206,2021,0.011871969,0.033914798,0.00982203,0.014157316,0.032003792,0.021917442,1.441383992,0.609787421,0.738820216,1.486593377
207,2021,0.008612645,0.03527513,0.006294041,0.011109899,0.022708321,0.038182097,1.765145551,0.448474547,0.735257047,1.71358804
208,2021,0.019320964,0.064403022,0.015837557,0.023147464,0.046067553,0.046732539,1.461555187,0.644898966,0.732537173,1.516684325
209,2021,0.010113519,0.04822716,0.007099897,0.012730741,0.024774768,0.023538015,1.793088101,0.417791008,0.58881709,1.634632014
210,2021,0.011375734,0.039749263,0.013260038,0.014508476,0.030090815,0.016237887,1.094150412,0.729704929,0.807761724,1.588055508
Cook's 1,2021,0.012453953,0.043396895,0.011117804,0.015384575,0.034723854,0.012175986,1.383778264,0.70050779,0.79098015,1.618262092
LTER 3 Back Reef,2021,0.007029037,0.033701449,0.005667607,0.009147658,0.025580531,0.009526092,1.614024803,0.408322202,0.821807505,1.617416538
LTER 3 Fringe Reef,2021,0.010111751,0.038786192,0.007595371,0.013397554,0.027312568,0.009078371,1.763910436,0.564967886,0.782717644,1.510499177
LTER 6 Fringe,2021,0.014161441,0.051219066,0.012992578,0.017036486,0.030102686,0.022216293,1.311247566,0.712995509,0.726831689,1.624256311
OPU 1,2021,0.015747465,0.068412879,0.013742396,0.018314923,0.062831714,0.032495294,1.332731426,0.437710488,0.820582957,1.605541569
OPU 2,2021,0.020041902,0.052554168,0.020096229,0.023978992,0.03243479,0.012640051,1.193208555,1.145937928,0.784990258,1.569215224
1,2022,0.0349362883462705,0.045490814989807,0.0335417232408751,0.0445729611052868,0.177337280311864,0.111593684491972,0.752512788227048,0.70733510999192,1.03769088241607,2.01228545873824
10,2022,0.00800205856325715,0.0239367797854169,0.00674518500281491,0.0117633491627788,0,0,0.573406851184679,2.21339888191062,0.677251100980205,2.0785438359745
100,2022,0.00619654931059197,0.031117061282922,0.00450877919719415,0.00838986417868625,0.0282127434875821,0,0.537407888991615,0.303827231662795,0.964868542165365,2.1692950509219
101,2022,0.00870709917817407,0.0297892285039597,0.00562928007906805,0.017172524934724,0.0254932813857861,0,0.327807360913204,0.627765841505386,0.691959671271338,2.75405324953947
102,2022,0.00566374066540506,0.0189567228295629,0.00535403647116503,0.00725727044681056,0.0168069157087021,0.000591715207821721,0.73774796053219,1.00581865804347,1.02784454387837,1.77551772470923
103,2022,0.0206106706597691,0.0307832214302986,0.0189279472815428,0.0269913006586357,0.0665452120574433,0.0159518274790711,0.701261029282297,0.882361414430496,1.04065404408,2.14501280734278
104,2022,0.0142869925228217,0.0163220255565271,0.0134750703471932,0.0177525537310217,0.0158928218070836,0.00569877015010452,0.75904968667388,1.94990742698401,0.857660577959923,1.79292084373967
105,2022,0.00990429719808575,0.023294136559287,0.0100619625134437,0.0128556840765865,0.0286231155680079,0.00306841610864178,0.782685888475517,1.10599837938465,1.0797954876229,1.78826841249804
106,2022,0.00943054585157429,0.0309845370724602,0.00764075643059153,0.012482866069774,0.0348152432674256,0.0214396271858808,0.612099528095782,0.580658508954053,0.873706077161658,2.3794794558264
107,2022,0.00765303846905883,0.021024925359456,0.00574150158458867,0.0101742455113815,0.095960161208428,0.0734345973104221,0.564317184813937,0.377657058643856,1.42520322800128,1.94804131350236
108,2022,0.0052204754763522,0.0192342295335141,0.00421164682633121,0.00663894178798618,0.0149562371743372,0,0.634385262114002,0.787540863184538,0.904309596460215,1.43194657009457
109,2022,0.00679541014948674,0.0237774365761352,0.00644083539461691,0.00932562715429276,0.0266893518537097,0.0105890605608605,0.690659758110968,0.809764786926368,0.978325114245401,2.08653786802286
11,2022,0.0157990383707601,0.0567370576275483,0.0176865574002545,0.0165876646330131,0.0438613986395004,0,1.06624758768358,1.05551224127478,0.95957441797732,1.87750839462066
110,2022,0.00792209514078041,0.0256676649159149,0.00889605506993421,0.00961945764968495,0.0144908941127319,0.00294735663161578,0.9247979869453,1.15176113564911,1.02928706949966,1.80591262104451
111,2022,0.010619451273951,0.0299709334348582,0.00983605797070642,0.0145879496207885,0.0294057506174519,0.00666259899504086,0.674259112924931,0.763200269302928,0.86013468449414,1.87335961030302
112,2022,0.00673847984413327,0.0204977856989263,0.00664455403850196,0.00760670409848599,0.0155403995390552,0.00864832954524846,0.873512884486261,1.0819425670355,1.09480570007747,1.83851773564433
113,2022,0.01129432841699,0.0225938808867213,0.0118468388476185,0.0123919400702137,0.022576781704294,0.010130825241281,0.956011631793999,1.41858629147595,0.977984380053068,1.5149077386618
114,2022,0.00871519480950789,0.0373044736433787,0.00937111834357118,0.0109347590560626,0.0513078921671392,0.0280089450750219,0.857002728228888,0.669908244729313,1.10711105599879,2.01070357830237
115,2022,0.00787754877028688,0.0240644230752575,0.00882522340264162,0.0087121133428367,0.0139731165655125,0.0108632666115216,1.01298307946119,1.1897548466407,0.942070990340444,1.5601365404094
116,2022,0.00910445503286773,0.0234586336596169,0.00959790561660538,0.0109697457599553,0.0198274215489028,0.021780815585791,0.874943305581631,1.31144033224177,1.07261238834946,1.87050794328124
117,2022,0.009277491997217,0.0341847142754387,0.00844721134880834,0.0160346556124377,0.0289014573378154,0.0289867949449324,0.526809652354245,0.707516274973363,0.89568708312178,2.55522753052161
118,2022,0.0132150105950021,0.0363747325384794,0.0157506733865495,0.0155822554554425,0.0419715611761364,0.0235905594236932,1.01080831536799,0.833207362141285,0.989627728747823,1.8305122359657
119,2022,0.00485160447033421,0.0233317008328415,0.00450357840688509,0.00619018924246766,0.000646722929964691,0,0.727534850790729,1.54765523829043,0.786174348317758,1.44693774866765
12,2022,0.0792797551268089,0.404917803269149,0.0615089681620034,0.118014415762033,0.540256483792714,0.242848650292673,0.521198768513429,0.292673411286791,1.04970797611305,2.20131546400415
120,2022,0.00575587263845506,0.0271316589967208,0.00573033541563457,0.00732581348096959,0.011213569394538,0.0137528496557737,0.782211481430748,0.952079731895057,1.07533334753217,2.10953490712755
121,2022,0.133426248822209,0.468864164042998,0.102021484369478,0.183632155898094,0.47175020405476,0.209256163039155,0.555575268778603,0.809613292862042,0.970546293950406,2.10125304672336
123,2022,0.0114877365755526,0.107269644509788,0.0113077796844806,0.0162081703993529,0.0367586312262486,0.0180047012495044,0.697659230244276,0.519713003771137,0.815508003807255,2.35786928812642
126,2022,0.0258961647137017,0.041320067353212,0.0262962825146757,0.0318444899316847,0.0445337018347478,0.0402720093248538,0.825771823354325,1.26197615738235,0.800491764401465,1.8625930421819
127,2022,0.0125949319832429,0.0393148356962047,0.0125785767012378,0.019381529599469,0.0401093307978884,0.0179053975788561,0.648998142106512,0.604854960060937,0.93712394247678,2.03079418549581
128,2022,0.0215665096936728,0.0531437769995768,0.0210190443083778,0.0297800943454166,0.0554505240891049,0.0417864869115635,0.705808519764235,0.888249369543332,0.839390184879735,2.01645319244387
13,2022,0.0130682657693825,0.016288766463455,0.0120486618441997,0.0142543304645001,0,0,0.845263260467154,3.44270145227067,0.722030084247621,2.04759176102002
130,2022,0.0100065724068015,0.0368778716377712,0.0110828734982202,0.0109650574360609,0.0355494310547481,0.00787047436242403,1.010744682629,0.669054858610355,1.07924411205633,1.87980240532111
131,2022,0.00734265676282443,0.0188127938056167,0.00801873957211581,0.00839224255569961,0.00800397938544446,0.00397501899493371,0.955494257809537,1.30583252321769,0.916001416322507,1.79883710672144
132,2022,0.0123862204722077,0.033629769059243,0.0119912095609738,0.0186763077339182,0.0446269359644549,0.0209681098883733,0.642054614424483,0.663503599593585,0.860192292656089,2.00741907098288
133,2022,0.00848840113721992,0.0330925437401168,0.00773219915621744,0.0114695872624805,0.0238377738094444,0.0053027541486386,0.674147986258506,0.618703892492019,0.799857405067921,2.09383651435884
134,2022,0.0114096958300729,0.0447886945398229,0.0118081991084788,0.0178121726987481,0.0331922527255326,0.0151054025058908,0.66292862236333,0.792069322966727,0.882149619670052,2.2289659006233
135,2022,0.0135004825470263,0.162127962083513,0.0154957849619321,0.0212580614520788,0.106368978392481,0.0343045705937157,0.728936878692518,0.44488669938096,1.31978202338355,1.97259751659266
136,2022,0.0403736501048514,0.0601113064282464,0.0358920276926693,0.0616152455317852,0.165253287646306,0.0842466040327758,0.58251861828829,0.621698031378126,1.00559779091043,2.11727808193382
137,2022,0.0160791303145184,0.0237272307840898,0.0145315420377001,0.0203873207348349,0,0,0.712773504017658,5.49910214009406,0.700826395249005,1.9977603306386
138,2022,0.0139641869051102,0.0359627026420526,0.0140196293032294,0.0197700069823493,0.0285082675195843,0.0168277782738865,0.70913628486556,0.799174509302637,0.808529678721669,1.98099369908523
139,2022,0.0190837195632772,0.044238184016992,0.0181318837406857,0.0253509982985603,0.0378185021171582,0.020374532424857,0.715233519688076,0.773869677679937,0.740950189548675,2.29033460021635
14,2022,0.0128452764966442,0.0398696716652125,0.0146295373296465,0.0182761031781829,0.0521246108732156,0,0.80047355757493,0.647519592223063,0.903853053257941,1.92058667293637
140,2022,0.011530582111399,0.0165169906572039,0.0124502284461951,0.0127522862175176,0.0149741648478891,0.0106101428131945,0.976313441670748,1.82057936831297,0.84803516367361,1.56176042905645
142,2022,0.0775189132298985,0.116512179619082,0.0708438421787297,0.108387358617165,0.3378593517291,0.165992398274166,0.653617202989118,0.609740647458566,1.11565910218441,2.06242535476531
143,2022,0.0143502574820538,0.0324941441072623,0.0122344124719197,0.0187872635551577,0.0289682830635493,0.0148526994573938,0.65120779489789,0.849784080470588,0.740539267754672,2.0385903297038
144,2022,0.0280037310093112,0.0532265320066624,0.0280342525152207,0.0346082922044629,0.0827724575734475,0.0484715958867942,0.810044377503421,0.851331943740785,0.946621588947217,1.87705262313271
145,2022,0.0155994387966631,0.092958717835422,0.0151123610264163,0.0200554313189456,0.0586584733458952,0.0263230036244347,0.753529594356827,0.628374862861579,0.949074036059834,1.77348059339027
146,2022,0.0176420443356579,0.15793695048489,0.0181956030135233,0.0235262280939587,0.0805581282916572,0.0260684316411569,0.773417776145581,0.546297726662283,1.09093364637032,1.894260172049
147,2022,0.252569768222934,0.542499532815088,0.218803521588774,0.327780234572719,0.928793007080197,0.441911416540126,0.667531164208229,0.73157919961203,0.931043500939936,1.98170763524613
148,2022,0.00639690511148084,0.0133662643497743,0.00659544857077741,0.00545372479710289,0,0,1.20934752231741,4.96675030424416,0.494399944943385,1.65017054264017
149,2022,0.00460491867420586,0.00263209618402771,0.00467461319299143,0.00381355979121154,0,0,1.22578730868838,Inf,0,1.6765937108512
15,2022,0.0148614790124178,0.0745752518945292,0.0147378145040139,0.0198837099514145,0.0926337621790828,0.0180574932600331,0.741200436941872,0.643683526537543,0.913857014198015,1.95175814458246
150,2022,0.0126379043930391,0.0493377908080985,0.012334397904791,0.0175982588924483,0,0,0.700887399155376,1.54627821052069,0.634505475830877,2.00160168843975
151,2022,0.068630641316725,0.443209143728629,0.0546244954005896,0.0982683178076858,0.455583912770435,0.111139808652438,0.555870870889349,0.249374740205074,1.22960410269364,1.89487283450566
152,2022,0.0525040043793557,0.257321518886402,0.0404568475939855,0.0742967375216629,0.245400484970491,0.0221743360516599,0.544530607177595,0.254386379361092,1.14491281878155,1.87063484219884
153,2022,0.0145650895784735,0.131576527335341,0.0152984277083054,0.0184641387430163,0,0,0.828548134371643,1.14158808743463,0.484191023184091,1.85185424670714
154,2022,0.0130455825276046,0.100374530436867,0.0121830251502387,0.0160403456959673,0,0,0.759523851989152,1.05432739824614,0.420143899128964,2.07427299098959
155,2022,0.00750123684447523,0.0229145871524256,0.00764220345902047,0.00870802655483215,0.0147802851743686,0.0123853362676261,0.877604519336216,1.23303262311513,0.964376521229967,1.85541138861909
156,2022,0.00757603221279333,0.0209598259109255,0.00672145367103474,0.00877855597872104,0.0220352194694433,0.0207501710765297,0.7656673474917,0.868983881662624,1.03539051124128,1.89826100343587
157,2022,0.0116206845229399,0.0406943503138015,0.0179011125179983,0.0146602395039197,0,0,1.2210654889514,6.31180009437375,0.24506428007094,1.88999282117135
158,2022,0.0301240846243094,0.057328282483911,0.0242778032115169,0.0428828457473057,0.115146406525234,0.0526880138060778,0.566142539946575,0.534452676431841,1.0255241858246,2.15425099687357
159,2022,0.00930536889502678,0.0558387320915382,0.00765931525058549,0.0124559782865377,0.0280573153511743,0.0219418938494337,0.614910774119092,0.406010010601137,0.727149860553527,2.41172040696936
16,2022,0.0277038397952042,0.129334442005633,0.0282239966231555,0.0373319957385841,0.0652188801748995,0.0267195914216898,0.756026996809733,0.843855295333595,0.806545168893116,1.91073682715632
160,2022,0.0301094782504843,0.0482917744111546,0.0270276478685265,0.0415170514235958,0.126206724868797,0.0610457282180376,0.651001141501239,0.616325897868091,1.01607121179145,1.94587208348631
161,2022,0.0147736675699813,0.0722503824132833,0.0127340705928892,0.0205436286816579,0.157653612736837,0.0872449175616221,0.619854982302066,0.358804780941371,1.2145468723541,2.16238743379811
162,2022,0.016194054740393,0.0250728473020475,0.014501088721581,0.0251315036939721,0.0271319051472654,0.00110158507398887,0.577008399424154,0.914185775770618,0.722892747993126,1.8804733256481
163,2022,0.0121163837940152,0.0314758964138862,0.00935801948830108,0.0175295816865381,0.0304455232096208,0.00854728553095107,0.533841574524714,0.650926770366132,0.69260557593558,1.98915327563972
164,2022,0.00960696511761904,0.0207298401853614,0.00851294266698196,0.0132200565316169,0.0120151714790891,0.00488265960216662,0.643941472309329,0.699457319549971,0.619103291460456,1.97546067769147
165,2022,0.0156169049589416,0.0326196198146732,0.0141819113590772,0.0182887387727102,0.0260200814241145,0.00412987538530414,0.775445017577647,0.662646603631677,0.729601144463301,1.84435360376087
166,2022,0.0140817500874581,0.0403283608441516,0.0108184706458729,0.0245419106911241,0.0296634829163085,0.00274053796965009,0.440816152500528,0.589813421524129,0.58450123345179,2.40324910925049
167,2022,0.0111885733662618,0.0230103077225841,0.0102508820589037,0.0139766548000327,0.0221519151952574,0,0.733428864457589,0.945873359242081,0.680721210157185,1.94779653515806
168,2022,0.00967433561081172,0.0218822130480995,0.00700384775180275,0.012082593943979,0.014298864409281,0.00670405202158163,0.579664249603694,0.650704930120071,0.711190181107633,2.1310171724384
169,2022,0.00954379243094222,0.0257562081980889,0.00743348031878937,0.012692171029197,0.0130821678500061,0,0.585674452517967,0.706865882130345,0.677412378473157,2.25757319069117
17,2022,0.0220602352128781,0.0916541239056014,0.0203866000020052,0.0297909479933364,0.0470466004108899,0.0362445112138717,0.684321962717174,0.760919746286771,0.829375556300655,1.84665678171543
170,2022,0.0113492410971824,0.0295651568757295,0.00843336444510331,0.0153516018895484,0.020379667211041,0.0161597762859137,0.549347521241082,0.598487330715632,0.682012297095078,1.98405619307695
171,2022,0.0082843710632499,0.032071399327517,0.00563299692315635,0.0145537590066839,0.0189250988310206,0,0.38704756074148,0.431213302602204,0.630780866757864,2.13238974384122
172,2022,0.0205967765574909,0.0426009195273501,0.0206815328427423,0.0298163458120501,0.0497614694640029,0.0127648976452386,0.693630700861538,0.881366472512586,1.15893218743235,1.9778354654776
173,2022,0.0143552434368073,0.0305499895437439,0.0134648904873976,0.0182250851551018,0.0769752287803119,0.0146648770526345,0.738810840816749,0.64934330890984,0.948951194863763,1.93418185761679
175,2022,0.0143898675337954,0.034903213544796,0.0154554510332537,0.0201807887454276,0.0388453214547584,0.0166519784800986,0.765849701328224,0.734285935689758,0.900993146878254,2.11572553654526
176,2022,0.0170550342759635,0.0339096174368962,0.0152383118371497,0.0195639627629328,0.0226010450343299,0.0233650994852031,0.778896996574808,0.786937028285835,0.711456671900557,1.99816161769078
177,2022,0.0161300045233982,0.023754837985144,0.0144385048054978,0.0189681641688611,0.0158817408387919,0.0196502776772604,0.761196744026533,1.26582138353147,0.777255532303149,1.90367794975496
178,2022,0.015473584072069,0.0297594758456047,0.0135032409461792,0.0180623449065994,0.0240533173749008,0.000783997783894683,0.747590693013819,1.00108030981575,0.845677011288085,1.94273619421375
179,2022,0.00989157928601873,0.0332584742733724,0.00920476259691597,0.0117772139956373,0.0182469777322374,0.0208072759491264,0.781573859515987,0.495588758232192,0.900436565572275,2.0523941125174
180,2022,0.00980876288920104,0.0273514845277505,0.00933758898355252,0.0149931111426728,0.0196798876498866,0.00919879671131245,0.622791953897832,0.686759465901648,0.880454367191625,2.19357778521893
181,2022,0.00976020097979453,0.048762223446324,0.00673286628419317,0.0102342799128387,0.0287513754359197,0.0174665426658831,0.657873962949454,0.581614562065133,0.809191190398355,2.30981035516831
182,2022,0.0082398003255818,0.033600964649213,0.00545574453766048,0.0112099634716558,0.00865126445468359,0.00723604182748245,0.486687093267987,0.605650307022757,0.652281692523844,2.33020481497227
183,2022,0.00870599654049025,0.0330868164459914,0.00715689769006596,0.0106118511182536,0.0163883288364208,0.0117931353499379,0.674424999965867,0.443177049568386,0.737414273931497,1.77868483011477
184,2022,0.0111819218223117,0.0281788454257351,0.0124649914757094,0.016001831192301,0.0286515599393443,0.0221506388852278,0.778972814168088,0.711877584480474,0.855089726217835,1.95581678076695
185,2022,0.0110474050353381,0.0380143400872198,0.00879872103398083,0.0134742744774411,0.0193933322981187,0.0256901126136937,0.65300146948259,0.439572340876453,0.69047167702779,1.79233883751411
186,2022,0.0123417880627056,0.0318906966546113,0.0128071271517707,0.0182488547098328,0.024637368621713,0.0222833722396825,0.701804434054156,0.91400679905386,1.03210292788228,2.25800181557196
187,2022,0.00935139544321416,0.0366394057559775,0.00794230235847176,0.0110539210999116,0.0243084019243437,0.028160268889464,0.718505432297258,0.459915553767739,0.762664555477146,2.08289563795037
188,2022,0.0106055778743178,0.0268718838414104,0.00775049894925629,0.0137526814758228,0.0185669755763487,0.00378755794776574,0.563562746863706,0.60545257753556,0.71837461941566,2.10313662070927
19,2022,0.197690030711123,0.341579127583145,0.187456504900119,0.258108808991268,1.24197637224643,0.679046211628066,0.726269303371434,0.543624988456113,1.09484505014325,1.81766744417694
2,2022,0.0112943725792636,0.033828639972986,0.0110658381673972,0.0138642340804158,0.0383127495343078,0.0276970828643879,0.798157193770154,0.646390641656836,0.946505827320286,1.78304510874825
20,2022,0.0140375177262129,0.0524704495245183,0.0146678749931428,0.0201880345013461,0.0562172620822522,0.0306952658516228,0.726562805911827,0.595952330273773,1.02915099911184,2.18394467686185
200,2022,0.0119921801116352,0.0985697614457349,0.0127803681859816,0.0162191485031842,0.042349989079253,0.0162340691174506,0.787980218781059,0.64727459040128,0.91771904013837,1.96087446205861
201,2022,0.0261157795929354,0.160065716290003,0.0295363232291032,0.0306019417858612,0.0356895761786571,0,0.965178073855093,1.49836910409547,0.812797325024481,1.98835491911268
202,2022,0.014685604139293,0.0253810011188299,0.00208068094173537,0.0195297948973024,0.0305309161012334,0.00352293592615213,0.1065388014916,1.15057510405703,0.754844030561928,1.81743244321728
203,2022,0.00781881987143129,0.010575909751206,0,0.00935783570639186,0.00766323860101952,0.0102174040461265,0,1.91223462676119,0.882588103980378,1.78574856131409
204,2022,0.0153930183202672,0.0293272226821653,0.00252751647107367,0.0201492864432136,0.0369600455831595,0.0195161959561132,0.125439502693901,1.28556111754954,0.81881523694882,1.90947789858871
205,2022,0.0604030969426423,0.245859936636244,0.0399767060596661,0.117027084308065,0.325098396617505,0.0412248186774932,0.341602170950704,0.338889540391094,1.94041277645561,2.37921548609053
206,2022,0.135059454776922,0.56601615730658,0.118989760892434,0.175906976887629,0.423454245092644,0.0966873838944736,0.676435710497407,0.976459975503502,0.977246019616429,2.0941140886852
208,2022,0.0156618473203356,0.0203577238100704,0.00172559072928381,0.0180761701906626,0.0150588016569684,0.0106954184190676,0.0954621864633235,1.50748000513647,0.693748564335554,1.65744685095805
209,2022,0.00610836272754329,0.0218013951598438,0,0.00801587409838573,0.00972227941847236,0.0128383057463642,0,0.753675140945133,0.688481694721147,2.32997139576141
21,2022,0.0176915080704519,0.0515249056560832,0.0168744490428285,0.0255712064825305,0.0295928446229154,0.0278887553261841,0.659900386567861,1.03381957843483,0.765087490057842,2.04065960732403
22,2022,0.0140108914404062,0.222938790719845,0.0145717136944384,0.0193604243671711,0.0790895630956669,0.039727878159922,0.752654663869207,0.358408874630301,1.04709845740109,2.37000649942692
24,2022,0.0157841434218267,0.0920870857688029,0.0163514250568581,0.0194552414210332,0.030309568550603,0.0180206103869195,0.840463744602033,0.942968062293239,0.764335261364711,1.79249715638583
25,2022,0.0119875848391059,0.0413940674517269,0.0122483838404098,0.0178738524985561,0,0,0.685268262194695,1.64321478665121,0.880065626357666,1.96867599456638
26,2022,0.0129327501542631,0.10194615935761,0.0147935453523344,0.0146641755325629,0.052483177143397,0.0216082594723418,1.00882216797557,0.562819181797854,0.850507570798643,1.81533467598492
27,2022,0.123903030314182,0.660772940249109,0.0838702708163888,0.22391842865319,1.04505806531176,0.435024833369877,0.374557249802288,0.223449078719607,1.8901601373274,2.2523957414184
28,2022,0.0120583647103693,0.0495986968158689,0.0136135088007145,0.0185489641413643,0.0349692486065768,0.00510012814836843,0.733922859355592,1.08918612610339,0.948919480412938,2.0040093693687
29,2022,0.0122104473992771,0.114743472183278,0.011996773397066,0.0202021564861122,0.0313255571982206,0.0275206913464566,0.593836277098097,0.603318478692876,0.857160946936896,2.17945766642318
3,2022,0.0162487192866962,0.0552186623150026,0.0183125511352929,0.0207869073530117,0.0855707804591107,0.0333489415239258,0.880965639779969,0.693537958697528,0.908624663534699,1.88759015643605
31,2022,0.0073561315654852,0.0145613442602823,0.00911787154611009,0.0115270373543181,0,0,0.790998698611353,1.87181290629565,0.689210914906082,2.12614500569595
32,2022,0.00870779859930805,0.0435632953767556,0.0094823988436709,0.0100926074560019,0,0,0.939539052223014,0.882300652340915,0.694846879743094,2.00049133144303
33,2022,0.0112323575784907,0.137186942010779,0.0119686563436398,0.0127924673605987,0.0502621520822457,0.00113110568125652,0.93560186680669,0.48986549832356,1.00830836067351,1.79967883512507
34,2022,0.013394176966994,0.0667425195308402,0.0126366627944516,0.0249801052134407,0.0187743608916958,0,0.505869078071469,0.761431117160091,0.721371867201309,2.24955263923346
35,2022,0.0852243919204554,0.478975878957142,0.0731542432975549,0.107485613986083,0.524222574552643,0.230548654634921,0.680595668430818,0.273861140709157,0.928126122650743,1.85523285634117
36,2022,0.0233077057325761,0.0581877986345071,0.0249330335440407,0.0246597346396118,0.0308483657853469,0,1.01108279989315,1.22051487088227,0.745641130598134,1.83085332973629
37,2022,0.0234958580658359,0.100881835020114,0.0253405397516417,0.0263944149400818,0.0584924292292941,0,0.960072038314453,0.891052492481752,0.883455322386731,2.05779245313832
38,2022,0.0142938337447326,0.177855333006382,0.0126168506863263,0.0349649569573509,0.0336366528421417,0,0.360842734676204,0.331368011013901,0.542523262277967,2.97533877042242
39,2022,0.011377498198821,0.118271867967784,0.0126313678794728,0.0119473009820554,0.0496615335933704,0,1.05725702386211,0.653627426518081,0.811956446928985,1.94878745631998
4,2022,0.0116294779542852,0.0328272622487371,0.0116681346216606,0.0168435916618393,0.0347470869915676,0.017141552471871,0.692734355944747,0.924956597558082,0.923659540151677,1.82120938163631
40,2022,0.0156104777778364,0.0465052999452218,0.0161865342155142,0.0251451588480661,0,0,0.643723681099714,1.86764665055813,0.909716490490188,2.03703579746201
41,2022,0.0155348974301197,0.0460513090567,0.0172936162913663,0.0190288149853972,0.0128836191380392,0.0164369657953697,0.908812046606029,0.898440544949476,0.766404456924691,2.0346072724946
42,2022,0.0287005118993544,0.187833784141863,0.0262562853529747,0.0363412178840242,0.130361985179778,0.0690961732553913,0.722493270224636,0.546014597091763,0.998381682973474,2.06401281538381
43,2022,0.0115031133942625,0.090064974662158,0.0114024951104379,0.0168446525183677,0.12964900079473,0.0541758938041014,0.676920767466379,0.373429600776426,0.917842736064772,2.25491867123869
44,2022,0.0779800843793583,0.419731614067266,0.0596178181646754,0.103521387369974,0.259063778187448,0.114478767708922,0.575898562406314,0.722117119062817,0.970884759009728,2.0527359060198
45,2022,0.060304196024118,0.285385016630824,0.0531059483768334,0.0845851291362706,0.456311295524453,0.167911059415324,0.627840247087372,0.358639690766102,1.16700297144394,2.0454804278075
46,2022,0.0116528379120389,0.0570117970261129,0.0124529384569475,0.0170849125071549,0.0371116118148664,0.026808505207017,0.728885117306422,0.641384230818083,0.862252504615692,1.92504079203389
47,2022,0.0194513927218957,0.105006067245642,0.0216209309937346,0.0263083301353803,0.0476719800825161,0,0.821828328992195,0.818993431198304,0.902093131705331,2.0623665857919
48,2022,0.0101918136296764,0.0371477662321988,0.0100819110345679,0.0148634488182832,0.0327476487129442,0.0354976063470558,0.67830226738268,0.867811038484514,0.999906752643634,2.14442391949234
49,2022,0.0198603374846068,0.0744784393388791,0.0206110067929476,0.0237055701063382,0.00247882947836743,0,0.869458388914124,2.22438971781924,0.850459393403055,1.77510212175441
5,2022,0.0106970724167271,0.0440716884486601,0.0105921981234412,0.0156631330324196,0.0625025833800171,0.0461537727938312,0.676250281569936,0.523365673882324,0.874717908220594,1.9613578065999
50,2022,0.00770399540717363,0.0633642030970234,0.00872695215246955,0.0124010407298077,0,0,0.703727400192553,1.22057607800518,0.617918371294914,2.04298391062241
51,2022,0.0161597466188576,0.167109451126429,0.016314417644293,0.0208635441973318,0.0414467645948403,0.0166869758644848,0.781958112676724,0.499869356008274,0.823803770329652,1.92866646006725
52,2022,0.0094492500687787,0.0265436892603524,0.0110738090202833,0.0116093307902401,0.0204637770771769,0.00389562935440371,0.953871435000633,1.05040359909011,0.897075453904142,1.57456857203473
53,2022,0.0246504370079564,0.058356387444644,0.0255387350795976,0.0283968037722224,0.0459314172715484,0.0356256480274717,0.899352451228313,1.13016865341986,0.776086422845002,1.74789601762465
54,2022,0.015423365137711,0.091864400548233,0.0159964051254439,0.0204975900687365,0.0391763248198193,0.0242198893510548,0.780404187604573,0.640762736166592,0.763780306212753,2.17778462681088
55,2022,0.011851634463749,0.0462269653450749,0.0117388257740923,0.0173196992737657,0.0314533758734404,0.013222023179755,0.677773071491672,0.54865165965463,0.879109715348151,1.91342704107712
56,2022,0.0107698667212126,0.0362361251750643,0.0104647369152853,0.0173294278229015,0.0242212534520806,0.020460756706898,0.603870884961118,0.707133376962845,0.757217815181299,2.2514296153907
57,2022,0.0290714131907091,0.224695153662415,0.0239459018160571,0.0450379559295933,0.157139406773108,0.0763420824090713,0.531682695668763,0.353882206077208,0.892238416417332,2.40269565571097
58,2022,0.112247898252639,0.727882843427612,0.0850095149897577,0.161789932554819,0.793999121881636,0.37732919370358,0.52543142609293,0.225051056745507,1.07496880442829,2.09692925299713
59,2022,0.0115283744192225,0.0414009920901204,0.0112848603279203,0.0167513668635769,0.0319503014463143,0.0180201793179832,0.673668030783648,0.520792528549157,0.83205927840574,2.1653938661747
6,2022,0.0104177405470642,0.0297352483957766,0.00896287268542181,0.0122147061707124,0.0428749889219663,0.0313848580048702,0.733777183024868,0.696357224039498,0.905601454713983,2.03167836762218
60,2022,0.010697372629438,0.0453082542997847,0.0105583734704264,0.0165765167774681,0.0281611638597487,0.0243384859248811,0.636947653850782,0.427067206698019,0.751657295092943,2.26151606319585
61,2022,0.0212585997198039,0.11714870783136,0.0224247134236218,0.0249142521269984,0.0850412084092117,0.042508701667705,0.900075720086385,0.73988837646313,0.933455172190412,2.36440076957361
62,2022,0.1054333828068,0.646391117078182,0.0804424596975596,0.145270475648528,0.800132512989571,0.350535660323746,0.553742660636594,0.232169843279777,1.16867921969221,1.37863823161893
63,2022,0.0511354760145675,0.342885882638339,0.0416357893791773,0.0653503149019965,0.285082998530381,0.132352087555389,0.637116889820914,0.478972809770116,0.902999139716673,2.07352515482701
64,2022,0.0155007810965339,0.0703424098899772,0.0152119550755288,0.0181240315061919,0.108128143793556,0.053845074416392,0.839325128646558,0.456031227130279,1.01297370032568,2.08963746719093
65,2022,0.0126792180933715,0.0443304245664039,0.0133440247032546,0.017182543718048,0.0338774522223076,0.0293077995026529,0.776603564770122,0.649734869415993,0.814697335398717,2.07373159624727
66,2022,0.022277769364486,0.145180293536515,0.0212204019663248,0.0334945796192522,0.123171530364551,0.0497660692261049,0.633547344303067,0.593011450990443,1.01454731802843,2.20286523253589
67,2022,0.0173786687014631,0.0824317458903427,0.0166350872232076,0.0223646644600285,0.0375573610534382,0.0160354118144137,0.74381116930857,0.78017141260433,0.761431810677932,2.06931139156247
68,2022,0.0228732888549518,0.0295210839729768,0.0266076487670736,0.0235335773237434,0.0345176287737382,0.0108638520256122,1.13062491099594,2.25068191656934,0.849231561173317,1.9227791997989
69,2022,0.0111078962636548,0.0396684407855863,0.0111350594902521,0.0155890401195249,0.0351930974089431,0.00988483695355415,0.714287692178409,0.691166315460446,0.911472697341793,2.28017490184707
7,2022,0.0168312422296557,0.0525123919218161,0.0178900288504683,0.0229818965416224,0.049711043997013,0.0253772984683971,0.778440056853785,0.789981175325437,0.859933499894289,1.7422111063245
70,2022,0.00872771362297653,0.0231131183975136,0.00868603572579909,0.0125760724642813,0.00455823925136915,0,0.690679522598907,3.31239197484557,0.62799070425944,2.4520918423128
71,2022,0.010361911948293,0.0323170594703059,0.00981393908133119,0.0141046480811002,0.0197997581859821,0,0.695794678810994,0.730759743494003,0.794191718207519,2.13335901228337
72,2022,0.0484870673049398,0.288818382824995,0.03624583342952,0.0715931288351125,0.27907763737985,0.130970716746756,0.506275309087251,0.297633151223581,1.08680024329885,2.09773481002903
73,2022,0.0114165591614533,0.0732200654866925,0.0121994489103583,0.0156375291900949,0.0670697262628145,0.0166732127606832,0.780139161504214,0.581001908744263,0.936659451742228,1.88565294908147
74,2022,0.00899754649142498,0.0401808959715376,0.00958427117107988,0.0136032827368555,0.0293552950653367,0.00776325740396285,0.704555757347682,0.782584210397046,0.821666127587978,2.03396856842336
75,2022,0.0122558696474183,0.0509189198422192,0.0137298224533665,0.0148368881251068,0.0504778575258804,0.0213118487979088,0.925384240791909,0.599599985404142,1.06537232445987,1.86415416343974
76,2022,0.0101814307291235,0.034201930561341,0.0106328348107072,0.0147590591886318,0.0279338485856185,0.0149161273423938,0.720427682741265,0.829527433054751,0.869236049381158,1.81182419723336
77,2022,0.0246274157577597,0.0368052256265669,0.0109605321557863,0.015595723955453,0.0302638457733195,0.0160586588593431,0.70279085389646,0.675276396141398,0.833292208418117,2.04392489842669
78,2022,0.0135433905815047,0.0475111679163021,0.0155530408340604,0.0205530816464437,0.0410901116650713,0.0159490034184673,0.756725492634411,0.739535793205685,0.804678959944914,2.2054846603188
79,2022,0.0204948923624961,0.116010540179873,0.0173998973244806,0.0310612738445973,0.0992074299243382,0.0519834699497725,0.560179772778606,0.330711473911978,0.998184439769223,2.19317781286661
8,2022,0.00780267834772491,0.0269978368864815,0.00893884909283263,0.00715184877326434,0,0,1.24986550697893,2.1758539239605,0.55313912247438,1.80309231550794
80,2022,0.0120331185777547,0.0385355857322521,0.0115182044825688,0.0166430137135343,0.0304252258667258,0,0.692074445219138,0.547254329191833,0.804099535171347,1.82626471616799
81,2022,0.00851310699947871,0.0384959732354088,0.0063143097329622,0.0108679384826108,0.0317937826738542,0,0.581003448176061,0.383413623934047,0.684793176153821,1.96029833107899
82,2022,0.00851475976453235,0.0343078768467704,0.00672039025648974,0.0123557100883301,0.0235605741817214,0.00239310033668193,0.543909674834237,0.564912206020932,0.653859596020964,2.12290318675838
83,2022,0.00911696911677186,0.0291474903785285,0.00657452958291534,0.0154547201229578,0.0258473864567978,0.000729642470696838,0.425405929748865,0.530549534508848,0.697419739083544,2.08144115470244
84,2022,0.0129696860252472,0.0411910383849008,0.0111677935047476,0.0167665228350724,0.0308266085507191,0.0132804492137888,0.666076897076517,0.604518845296612,0.605574198654251,1.97465940123287
85,2022,0.0115580122764631,0.0398115918682599,0.00916107578486037,0.0164602562595782,0.0337925715822616,0,0.556557300226084,0.625127781895757,0.635962856783022,2.10192112283892
86,2022,0.00884779863949368,0.054061395684906,0.00658880626251436,0.01323455371821,0.0412159468220149,0.00219083797011558,0.497848767914895,0.333050180128036,0.685828264308275,2.13112336396897
87,2022,0.0123157566487164,0.0286553555652381,0.00943555931180086,0.016217914935766,0.0300639975589295,0.00193537150724769,0.581798544953041,0.851066922560885,0.541791161317177,2.27590274846678
89,2022,0.00732036664958029,0.0372138434263818,0.0058649045996789,0.0114633961446473,0.0289728764510322,0.00692330606837309,0.511620162617991,0.421324703162219,0.73834437658904,2.07360910207341
9,2022,0.00878606978016316,0.0187523618694724,0.0072089470794662,0.01065542943395,0,0,0.676551529354345,1.20807760789895,0.703173729090288,2.18640724619554
90,2022,0.00626422820958276,0.0267288005970984,0.00582598897267114,0.0107196435550675,0.0258946313013281,0,0.543487191784194,0.470347487597047,0.86671207144909,2.21651032593046
91,2022,0.00626702256873737,0.0322782771460271,0.00506487204459901,0.00948580721798459,0.0236347026453672,0,0.533942123027366,0.337494183860462,0.743510759068811,1.73854594780475
92,2022,0.00607234784481788,0.052782534960636,0.00449324385048605,0.00962005889237308,0.0305276813194886,0.00170234166972285,0.467070305988288,0.24753399051175,0.659482528777243,2.10485650540341
93,2022,0.00897332149680127,0.0294387193678735,0.00745742777141813,0.0120994983899877,0.0261614601946328,0.00144327225752298,0.616341895428419,0.622442121161974,0.677815542700919,1.94736917833111
94,2022,0.00720171422156818,0.0272800198284126,0.00530325020504334,0.0107819618242596,0.0256802899802822,0,0.491863196279451,0.427189494933103,0.724517197291509,2.15524943244946
95,2022,0.00521015397041141,0.0380011236605752,0.00355115579247106,0.00919478214290063,0.0237799358725043,0.000777278085279678,0.386214239476347,0.303438342914234,0.722914613175734,2.16498689929511
96,2022,0.0131610205939834,0.0356144452977945,0.0111430709917387,0.0163938525739487,0.0325566927681764,0.00090799606494487,0.679710332972373,0.917144509422287,0.760336097214156,2.06927294768749
98,2022,0.00780728718936227,0.027879460070476,0.00550190619390828,0.0100347735870958,0.0178708483322876,0,0.548284039112096,0.569283600437019,0.719258847340871,2.10374490005219
99,2022,0.106177220799243,0.137120377196852,0.0979332871134932,0.146061573017585,0.480927065856385,0.254822730068466,0.670493170039338,0.597173487361633,1.13204675015033,2.07234327633116
LTER_3_Backreef,2022,0.00993140431148819,0.0417044169934544,0,0.0152066542470184,0.0515939248177984,0.0104805435708862,0,0.550300459175174,0.975873706474279,2.17283656032528
LTER_3_Fringe,2022,0.0132026368496996,0.0408637533316255,0.0016472643296242,0.0195436171989621,0.0466044987197071,0.0242447380790386,0.0842865633753658,0.83789325530417,0.879694047363212,2.08622056720858
LTER_6_Fringe,2022,0.0132764310945405,0.01368306678475,0.000987525655828655,0.0153969760190897,0.0202564951672924,0.028674162780572,0.0641376368063631,1.98071557628568,0.891095089432517,1.72462792993586
OPU 1,2022,0.0109564537233556,0.0180388584542659,0,0.0118930289306781,0.00838847541208871,0.00687985429808508,0,2.4360018978959,0.784760103842493,1.66920627872052
OPU 2,2022,0.0118758006536335,0.0143888114799026,0.00027326964163751,0.0144493262432689,0.0219583139683848,0.0125563644624289,0.0189122757031533,1.75158796790362,0.815517273026413,1.68940460047058
