Site_number,Lat,Lon,Date,Time,Total.RU,M.C,BIX,HIX,FI,Ultra.Violet.Humic.like,Marine.Humic.like,Visible.Humic.like,Tryptophan.like,Tyrosine.like,Phenylalanine.like,Lignin.like,PARAFAC1,PARAFAC2,PARAFAC3,PARAFAC4,PARAFAC5,PARAFAC6,Phosphate,Silicate,Nitrite_plus_Nitrate,Ammonia,Percent_C,Percent_H,Percent_N,C_to_N_ratio,Notes_Field,Notes_Processing
1,-17.58796,-149.85012,5/20/2021,15:30,26.53500668,1.218394935,0.764862026,0.822242503,1.799810609,0.00992716,0.011128298,0.009133572,0.022016804,0.022415735,0.016124868,0.017116524,0.024107626,0.00939934,0.010076912,0.007463971,0.0077543,0.012569015,0.22,0.78,0.38,0.88,27.34,3.62,0.65,41.75,,
2,-17.59043,-149.85131,5/20/2021,16:12,17.13750069,1.514720409,0.824416867,0.69081697,1.814903123,0.006034924,0.007191637,0.004747831,0.012507304,0.007370588,0,0.011747751,0.009027335,0.00628679,0.003190916,0.001752126,0.004059353,0.019236115,0.18,1.06,0.36,0.62,29.85,4.14,0.52,57.88,,
3,-17.59053,-149.86127,5/20/2021,13:30,22.05799732,1.825637071,0.918283679,0.405338858,1.784164404,0.006794827,0.009224386,0.005052694,0.025680258,0.021706116,0.003148225,0.010654615,0.026073521,0.008607932,0.003674617,0.005361135,0.00269141,0.00771546,0.18,0.65,0.14,0.1,28.25,3.76,0.68,41.78,,
4,-17.58474,-149.85843,5/20/2021,13:54,20.94768345,1.601714122,0.73854204,0.492455082,1.665299365,0.007052061,0.008656829,0.005404728,0.022148679,0.020212955,0,0.023460785,0.020899995,0.006875398,0.006109979,0.00613054,0.003922289,0.017150031,0.19,0.77,0.18,0.17,29.36,3.99,0.61,48.05,No coral surveys,
5,-17.5851,-149.86729,5/20/2021,12:24,29.18228336,1.452917141,1.029781439,0.618622114,1.689626063,0.0091091,0.012046041,0.008290935,0.032596516,0.022284994,0.000191071,0.013084508,0.029711807,0.010440346,0.014390288,0.007300107,0.006434583,0.014196971,0.18,0.68,0.11,1.15,28.43,3.79,0.69,41.11,,
6,-17.57797,-149.87319,5/20/2021,10:41,18.51831546,1.787538521,0.77111819,0.478285856,1.204958132,0.005648715,0.007296134,0.004081666,0.017126183,0.006968854,0,0,0.016107394,0.006266014,0.003165442,0.001606922,0.003189923,0.009608991,0.19,0.82,0.11,0.06,29.18,3.93,0.64,45.8,,
7,-17.57851,-149.86222,5/20/2021,13:01,25.29037406,1.286164418,0.877994599,1.098101122,1.628755192,0.010115907,0.011929275,0.009275078,0.02136666,0.01134186,0,0.007194491,0.018843087,0.010301245,0.002087741,0.011657378,0.008000356,0.015238639,0.18,0.91,0.18,0.3,28.36,3.78,0.53,53.19,No coral surveys; no benthic photos,
8,-17.58235,-149.85452,5/20/2021,14:15,17.37241911,1.594821069,0.701631811,0.544071206,1.635401539,0.007696034,0.008975038,0.005627615,0.014762458,0.003389053,0,0.012448475,0.013558964,0.007814059,0.012872581,0.006405826,0.003585311,0.007611552,0.19,0.8,0.27,0.13,27.94,3.63,0.62,45.2,No coral surveys; lots of big Prus,
9,-17.57453,-149.874,5/20/2021,10:11,27.36504099,1.606920698,0.91595402,0.530576265,1.601756695,0.010502643,0.014852732,0.009242978,0.037136906,0.020077358,0,0.024465354,0.035259071,0.012778405,0.011326474,0.009652192,0.005424972,0.015453555,0.19,0.87,0.08,0.15,27.67,3.56,0.76,36.2,,
10,-17.57521,-149.87,5/20/2021,11:05,12.47701061,1.811789056,0.410492582,0.414914165,1.856158561,0.005694548,0.007162687,0.003953378,0.011086273,0,0,0.007558664,0.010589821,0.005342854,0.014668895,0.000536217,0.003227171,0.002942411,0.18,0.7,0.12,0.14,28.66,3.78,0.65,43.82,,
11,-17.57273,-149.86616,5/20/2021,11:31,36.23210051,1.387983322,0.769531457,0.969554959,1.496675388,0.015909847,0.018080567,0.013026502,0.025355074,0.016987508,0.000254806,0.024931221,0.025370157,0.016860722,0.024459062,0.018321161,0.00967579,0.006834242,0.2,4.7,0.19,0.32,26.25,3.33,0.67,39.29,No coral surveys,
13,-17.56769,-149.87057,5/20/2021,9:51,42.85636382,1.235137308,0.875977013,1.120305724,1.643854131,0.015713354,0.019328792,0.015649104,0.03645152,0.023335802,0.004052713,0.019975474,0.036418483,0.01831444,0.004242439,0.029030723,0.010303111,0.021815092,0.22,1.31,0.34,0.5,24.85,3.15,0.66,37.36,,
14,-17.58281,-149.86626,5/20/2021,11:50,18.8380204,1.658004116,0.46970272,0.243107278,1.976788422,0.008343216,0.008945437,0.005395305,0.018447885,0.006127044,0.010402909,0.015429297,0.016598085,0.007177609,0.060431839,0,0.003745996,0.000598266,0.18,0.74,0.15,0.17,29.56,3.91,0.64,45.96,,
15,-17.58035,-149.8535,5/20/2021,14:45,25.00383021,1.609488346,0.675906006,0.474898524,1.653799469,0.008591539,0.011011436,0.006841575,0.025000905,0.014150736,0,0.024771841,0.026856498,0.009087271,0.007583901,0.006707082,0.0046138,0.010828051,0.19,0.96,0.22,0.05,27.11,3.54,0.52,52.02,No coral surveys; no benthic photos,
16,-17.58695,-149.84261,5/26/2021,16:24,23.71380119,1.370846866,0.632763815,1.404060228,1.583525152,0.011929513,0.013748147,0.010028945,0.01496707,0.013212894,0.002623021,0.016675971,0.014771028,0.012540241,0.003789053,0.013755605,0.008688402,0.012739722,0.22,3.55,0.54,0.75,25.6,3.27,0.95,26.91,,
17,-17.59329,-149.83903,5/26/2021,10:18,19.74265535,1.678533023,0.626533089,1.047752552,1.534566489,0.009709338,0.0124829,0.007436791,0.030423707,0.021802167,0.005195358,0.010048782,0.020715826,0.010868626,0,0.009539187,0.005575299,0.003256098,0.19,1.07,0.24,1.48,28.54,3.75,0.65,44.14,,
19,-17.59716,-149.83776,5/26/2021,10:40,60.54019631,1.633453406,1.09797735,1.10481761,1.585789558,0.034887147,0.049372326,0.030225733,0.074547482,0.036884102,0.02173811,0.052428164,0.062123136,0.046251611,0.014768576,0.055369262,0.015097335,0.058867959,0.16,0.78,0.17,0.77,30.82,4.29,0.53,57.77,,
20,-17.60238,-149.83034,5/26/2021,15:50,19.00553766,1.557537577,0.565300001,0.324811422,1.688242561,0.005391887,0.006616546,0.004248081,0.009955421,0.011997628,0.002376388,0,0.014216719,0.005379759,0.015843477,0,0.002995885,0,0.18,0.66,0.17,1.27,29.16,4,0.69,42.12,,
21,-17.59344,-149.82625,5/26/2021,10:57,15.14095556,1.384902172,0.586953597,0.537479641,1.548411207,0.005708986,0.006954929,0.005021964,0.016540642,0.009166067,0,0.004153949,0.017474559,0.006205765,0.010021565,0.002078973,0.003726123,0,0.18,0.8,0.28,1.13,26.04,3.44,0.7,37.11,,
22,-17.60255,-149.80759,5/26/2021,13:50,16.31974738,1.840241736,0.603791795,0.360489212,1.583200143,0.005601525,0.007608903,0.00413473,0.016319236,0.018114234,0.017947205,0.003327047,0.020338755,0.006010956,0.01184052,6.02E-05,0.003286286,0.001384589,0.16,0.77,0.14,0.63,30.54,4.39,0.5,61.64,,
24,-17.59378,-149.81353,5/26/2021,14:24,15.88061745,1.29511026,0.808147146,0.850786319,1.453706026,0.007161034,0.009021724,0.006965989,0.014424867,0,0,0,0.014971532,0.007972943,0.004044796,0.005589112,0.005307967,0.004568285,0.2,0.81,0.29,0.68,26.59,3.52,0.63,42.33,,
25,-17.59514,-149.80741,5/26/2021,12:56,14.52088821,1.596709599,0.553362436,0.562704336,1.695325747,0.006571149,0.008045571,0.005038845,0.015348208,0.010334161,0.013456491,0,0.017732155,0.006791338,0.013353556,0.00811555,0.003115053,0,0.18,0.83,0.23,0.77,27.59,3.73,0.64,43.3,,
26,-17.59317,-149.80337,5/26/2021,11:52,16.79348666,1.609151245,0.681526541,0.600059522,1.592897626,0.007648033,0.009980178,0.006202138,0.019589699,0.014583811,0.005900833,0.002423966,0.023437318,0.008607547,0.013957173,0.007374995,0.004403426,0.002535989,0.2,0.87,0.25,0.82,26.22,3.48,0.62,42.11,,
27,-17.59616,-149.79826,5/26/2021,12:26,22.71114283,1.662141083,0.529626727,0.385975866,1.78025333,0.007489943,0.009116793,0.005484969,0.026981561,0.034554658,0.004928922,0.030666048,0.031365153,0.007953528,0.020430269,0.005465433,0.002874752,0.00547578,0.14,0.74,0.16,0.63,30.75,4.38,0.54,56.97,,
28,-17.59882,-149.81939,5/26/2021,14:57,15.54685074,1.60159381,0.555992567,0.257269156,1.87403518,0.004509658,0.006077856,0.00379488,0.017042264,0.013893289,0,0,0.021309627,0.004989226,0.01843398,0.005423171,0.001918107,0.001267868,0.17,0.79,0.1,1.05,31.51,4.31,0.67,46.73,,
29,-17.59742,-149.82838,5/26/2021,11:12,18.3663448,2.470179678,0.663948672,0.397092475,1.38228933,0.006270762,0.010787192,0.004366966,0.019454974,0.019275774,0.00145539,0.011600256,0.023091277,0.008817806,0.021723699,0.00409333,0.002751465,0,0.16,0.78,0.14,1.47,29.79,4.21,0.64,46.55,,
30,-17.59746,-149.80912,5/26/2021,14:08,14.68873023,1.728725657,0.60135665,0.319256681,2.027286049,0.004853534,0.006345479,0.003670611,0.015239781,0.018971698,0,0.003780159,0.020543961,0.005061605,0.01627064,0.004045372,0.002426768,0,0.15,0.75,0.17,0.68,29.31,3.99,0.68,42.96,,
31,-17.59731,-149.80624,5/26/2021,13:11,14.41717571,1.654801204,0.546122499,0.402821248,1.627132021,0.005017723,0.006560992,0.003964822,0.013007462,0.010089727,0.003579442,0.003706137,0.017856801,0.0058704,0.008064862,0.005049362,0.002537307,0,0.16,0.73,0.19,0.62,31.12,4.32,0.66,47.07,,
32,-17.59475,-149.80159,5/26/2021,12:04,27.985139,1.448389286,0.829631283,0.408228204,1.839213193,0.006923925,0.008152443,0.005628627,0.021751235,0.038197414,0.008398767,0.014538617,0.026843764,0.007690914,0.02483305,0.010244466,0.003316091,0.007642399,0.16,0.77,0.17,0.64,30.38,4.28,0.51,59.96,,
34,-17.58031,-149.79438,5/22/2021,15:00,24.0137677,1.691191838,0.844461929,0.347828736,1.392768677,0.008375394,0.011352937,0.00671298,0.030742302,0.038763515,0.025474102,0.004228708,0.035752176,0.009847667,0.034481346,0.010587128,0.003075039,0.003535392,0.17,0.77,0.1,0.09,27.49,3.68,0.66,41.74,,
35,-17.58383,-149.79855,5/22/2021,15:56,28.96625365,1.531032368,0.739638146,0.566175198,1.452456897,0.008237549,0.011063578,0.007226221,0.020048972,0.032922503,0,0.025234216,0.024177747,0.009903945,0.019897778,0.011788065,0.004710762,0.011301404,0.22,0.95,0.33,0.19,26.39,3.49,0.75,35.41,,
36,-17.57891,-149.7967,5/22/2021,14:44,35.90776743,1.333958876,0.646722443,0.52164143,1.537628984,0.014257524,0.015357032,0.011512373,0.031157063,0.032987898,0.020443805,0.015124501,0.029588519,0.014663788,0.06850546,0.020422458,0.007378738,0.007259355,0.1,1.24,0.31,0.46,26.87,3.48,0.81,33.25,,
37,-17.57349,-149.79429,5/22/2021,13:43,29.75486754,1.47081583,0.722356876,0.490019852,1.529240787,0.010060148,0.01196,0.008131541,0.026169799,0.043451614,0.014356552,0.01980029,0.029762656,0.01104955,0.029485841,0.012904779,0.004081265,0.006091093,0.19,1.22,0.24,0.16,26.11,3.41,0.8,32.72,No coral surveys,
38,-17.56787,-149.7925,5/22/2021,11:30,30.44488789,1.461920822,0.75295006,0.401326886,1.585828977,0.010114953,0.011911247,0.008147669,0.030791154,0.035386902,0,0.018530106,0.034487144,0.011341903,0.057986155,0.011625968,0.005087033,0.000528164,0.2,0.74,0.24,0.15,27.01,3.53,0.72,37.65,Water and Turbinaria only,
39,-17.57239,-149.78833,5/22/2021,12:55,32.69343297,1.619736376,0.714534149,0.335682188,1.572719906,0.011488308,0.012715799,0.007850536,0.031765594,0.040119937,0.01113807,0.01753755,0.029750072,0.011804684,0.08663953,0.010076395,0.004046293,0,0.16,0.94,0.25,0.26,27.17,3.62,0.56,48.08,,
40,-17.57567,-149.78853,5/22/2021,14:15,24.8246786,1.589939531,0.786503376,0.623439281,1.547630833,0.009145139,0.01203312,0.007568288,0.020217454,0.027527572,0.009952738,0.02796825,0.022333275,0.011182304,0.024515967,0.014016708,0.004712665,0.007305443,0.2,0.75,0.2,0.11,28.06,3.69,0.69,40.61,,
41,-17.57019,-149.78739,5/22/2021,12:22,32.24477943,1.501731487,0.828308125,0.362558587,1.498586967,0.009589228,0.011517702,0.007669615,0.035192482,0.045116209,0.000755229,0.021998531,0.037534158,0.010320137,0.043002508,0.010848949,0.003982662,0.012116804,0.11,0.93,0.18,0.28,29.01,3.94,0.6,48.28,,
42,-17.56927,-149.78966,5/22/2021,11:50,26.11170201,1.608665571,0.648150382,0.53774491,1.472551369,0.011253813,0.012265076,0.007624379,0.026529972,0.042004534,0.007964063,0.041145597,0.0267867,0.011315112,0.034527029,0.013227427,0.004316529,0.012452345,0.12,0.82,0.22,0.29,28.66,3.78,0.71,40.23,,
43,-17.56248,-149.78303,5/22/2021,10:49,22.75096627,1.649328888,0.739584711,0.378343809,1.536066141,0.00701749,0.00823871,0.004995189,0.020420519,0.030257456,0.024771649,0.022079449,0.027155374,0.007397323,0.022040254,0.008003893,0.00269329,0.003716732,0.17,0.77,0.13,0.53,28.04,3.7,0.59,47.28,,
44,-17.5615,-149.78549,5/22/2021,10:20,23.65293731,1.537401973,0.629635922,0.542145301,1.410700435,0.008685297,0.010503971,0.006832287,0.023355786,0.034682631,0.025073024,0.031895476,0.025691122,0.009564211,0.018048691,0.01245792,0.003660276,0.010467531,0.19,0.73,0.07,0.03,28.74,3.86,0.58,49.93,,
45,-17.56025,-149.7891,5/22/2021,10:05,28.16605384,1.654198862,0.771875375,0.533741864,1.394655868,0.00856599,0.011578448,0.006999429,0.029226272,0.050330604,0.000341805,0.009161596,0.032185099,0.01039223,0.02339885,0.014923755,0.003573183,0.006072451,0.2,0.96,0.23,0.15,27.23,3.53,0.56,48.25,No coral surveys,
46,-17.55799,-149.78094,5/22/2021,9:49,22.34762122,1.438382879,0.748545433,0.649006618,1.534909579,0.008475899,0.010085532,0.007011716,0.022050893,0.0365272,0.001995082,0.018950185,0.025127925,0.009859286,0.013616682,0.015146913,0.003411897,0.008669701,0.19,0.88,0.19,0.15,27.06,3.6,0.69,39.18,Water and Turbinaria only,
47,-17.59313,-149.85466,5/20/2021,15:15,20.07377346,1.311210613,0.668868733,0.671633319,1.875572532,0.008560549,0.009695101,0.007394007,0.020666115,0.026083519,0.002447112,0.028714869,0.022488998,0.00953078,0.016471103,0.017726506,0.003639361,0.007525164,0.21,0.79,0.14,0.12,30.25,4.19,0.69,43.88,,
48,-17.59492,-149.81718,5/26/2021,14:41,25.70710478,1.841361371,0.831257856,0.364863984,1.537547772,0.007436546,0.011249332,0.006109247,0.026828383,0.038570807,0.00705284,0.015104973,0.034026253,0.01001838,0.022358438,0.012845213,0.002775897,0,0.17,0.74,0.14,1.03,27.94,3.88,0.56,49.6,,
50,-17.601,-149.80085,5/26/2021,13:28,16.82110604,1.702393202,0.800367918,0.467866485,1.662981815,0.006459024,0.008748758,0.005139094,0.017660692,0.032132503,0,0.018365904,0.024012068,0.008095855,0.006471156,0.012635745,0.002099288,0.003900026,0.17,0.74,0.13,0.6,30.24,4.23,0.61,49.66,,
51,-17.55479,-149.78912,5/22/2021,9:30,20.84456794,1.423677428,0.703789067,0.53075516,1.816342339,0.008469925,0.010751858,0.007552173,0.018719371,0.031418282,0.01442615,0.033908614,0.023381345,0.009497235,0.018168204,0.016701904,0.003904402,0.008159327,0.22,0.97,0.54,0.9,27.2,3.56,0.77,35.35,Water and Turbinaria only,
52,-17.5483,-149.78066,5/21/2021,16:01,29.74144344,1.491280841,0.779498126,0.379858448,1.663878624,0.011265983,0.01414746,0.009486785,0.037819271,0.037654376,0.01675122,0.033146541,0.043707525,0.012765944,0.036872108,0.01707575,0.004591094,0.007991204,0.16,0.92,0.31,0.27,27.68,3.72,0.61,45.25,,
53,-17.54554,-149.77825,5/21/2021,15:35,39.58990822,1.052480627,0.927640938,0.851433775,1.669163294,0.014324056,0.016416548,0.015597957,0.030337636,0.02098804,0.018388526,0.035676937,0.031035609,0.016584137,0.027848191,0.024395778,0.01125008,0.014440874,0.21,1.04,0.31,0.7,28,3.72,0.6,46.87,,
54,-17.54049,-149.77395,5/21/2021,14:33,25.06113936,1.330755816,0.684419433,0.634698083,1.718822435,0.010526101,0.012473205,0.009373023,0.023274071,0.02892133,0.0122998,0.036178259,0.027219455,0.010852717,0.022140247,0.016483849,0.005765378,0.010582555,0.21,0.86,0.22,1.11,29.47,4.04,0.46,63.94,,
55,-17.54389,-149.77475,5/21/2021,14:45,31.18219744,1.228920417,0.803526284,0.8103557,1.732252899,0.014388283,0.015849168,0.012896822,0.030828495,0.023720988,0.010514191,0,0.033157244,0.01641468,0.023114692,0.026912642,0.007752756,0,0.21,1,0.39,1.55,27.96,3.72,0.65,43.09,,
56,-17.54066,-149.77038,5/21/2021,14:04,30.73820662,1.662841782,0.674161789,0.335130565,1.636603225,0.007180749,0.009331391,0.005611713,0.022494637,0.042678003,0.029986116,0,0.030855564,0.007907653,0.036977808,0.010396605,0.003145308,0,0.17,0.71,0.17,0.76,30.64,4.31,0.52,58.86,,
57,-17.54171,-149.76657,5/21/2021,13:34,44.96543901,1.924302873,0.604810026,0.371666033,1.68419793,0.008391329,0.011382768,0.005915268,0.022230959,0.08275572,0.026752502,0.009940399,0.033113207,0.010608,0.028003961,0.013835095,0.002875179,0,0.19,0.8,0.23,0.87,30.75,4.35,0.46,67.4,,
58,-17.54809,-149.77324,5/21/2021,15:04,32.28664474,2.119286194,1.196073172,0.43928035,1.91005279,0.00860842,0.013420294,0.00633246,0.019893627,0.03796269,0.005482378,0.012263594,0.024528315,0.011884232,0.024556646,0.012442332,0.002456422,0.000939573,0.17,0.75,0.18,0.73,29.47,4.04,0.49,60.13,,
59,-17.54355,-149.77061,5/21/2021,16:13,21.54512099,1.849323437,0.533890752,0.539625719,1.891864762,0.007914979,0.01017612,0.005502618,0.011248481,0.020532539,0.015374866,0,0.015406364,0.009241185,0.024930016,0.01317982,0.002635004,0,0.14,0.98,0.15,0,29.66,4.12,0.4,73.73,,
60,-17.55227,-149.7774,5/21/2021,15:45,36.00794148,1.747834064,0.652095669,0.472411189,1.932097466,0.009719033,0.012507825,0.007156186,0.025752893,0.050701294,0.014620675,0.018492441,0.031050045,0.011427436,0.023147072,0.015723882,0.003373869,0.004913978,0.16,0.84,0.32,1.31,28.2,3.82,0.59,47.55,,
61,-17.53524,-149.77153,5/21/2021,11:42,20.50769341,1.630139733,0.494966129,0.373460654,1.851866495,0.008315215,0.010127478,0.006212644,0.017224166,0.030773756,0.01562914,0.012998986,0.027101966,0.008745894,0.029092399,0.014154905,0.002960286,0,0.12,0.82,0.17,0.59,28.08,3.8,0.66,42.87,61 New,
62,-17.53598,-149.76799,5/21/2021,12:13,35.946161,1.610477227,1.121185601,0.629126502,1.789518789,0.012122313,0.016947608,0.010523345,0.036267218,0.053692823,0.01343046,0.004010442,0.043018606,0.014965993,0.025417492,0.022094322,0.005936246,0.003296027,0.1,0.78,0.14,0.49,29.02,3.87,0.63,46.11,,
63,-17.53694,-149.76456,5/21/2021,12:45,23.88173452,1.596171214,0.796356326,0.28956542,1.981510724,0.00770124,0.01084625,0.006795167,0.030127947,0.033020468,0.012565921,0.020656621,0.039619192,0.008872004,0.036827745,0.011003129,0.002386382,0.005368419,0.11,0.72,0.14,0.47,30.53,4.45,0.49,62.15,63 New,
64,-17.52993,-149.76623,5/21/2021,10:48,31.46112341,1.418694288,0.702367404,0.481172163,1.894514552,0.008633969,0.010036394,0.007074388,0.03134387,0.051988722,0.031931591,0.009693592,0.033799122,0.009418322,0.021466034,0.016137011,0.003249302,0.001269628,0.11,0.76,0.17,0.42,28.13,3.82,0.63,44.38,64 New,
65,-17.52484,-149.76495,5/21/2021,9:53,43.12133659,1.500297805,1.258024176,0.708598737,1.863427069,0.014453152,0.022114146,0.014739838,0.06628072,0.061731542,0.013947623,0.009188559,0.068430739,0.020189303,0.030846707,0.026564595,0.01109071,0.011099907,0.14,0.82,0.16,0.12,27.46,3.68,0.64,42.7,,
66,-17.5284,-149.7735,5/21/2021,11:19,32.00926953,1.217851536,0.759452274,0.644946382,1.679342017,0.013596801,0.0146669,0.012043258,0.043404636,0.037784485,0.018911431,0.037116039,0.044360421,0.014285898,0.02382604,0.023377499,0.007408578,0.014090602,0.13,0.92,0.37,0.75,26.92,3.57,0.59,45.85,,
67,-17.52267,-149.77937,5/21/2021,16:35,34.94894673,1.301286709,0.77291329,0.50726064,1.692360126,0.012516373,0.013857932,0.010649407,0.031355046,0.043649206,0.038445125,0.022127299,0.037732533,0.013244858,0.020832312,0.020527084,0.006891336,0.011261762,0.14,2.38,0.31,-0.01,27.34,3.59,0.73,37.64,,
68,-17.52007,-149.77383,5/21/2021,16:20,29.10470699,1.756389806,0.704006281,0.324032323,1.582622808,0.007917701,0.010453943,0.005951949,0.025391742,0.042912454,0.021591384,0.012651935,0.033110399,0.009098065,0.030472405,0.010568219,0.002806522,0.004158337,0.11,0.82,0.2,-0.01,27.23,3.6,0.58,46.9,,
69,-17.51598,-149.76878,5/21/2021,15:05,44.94263507,1.392117987,0.834487148,0.577352861,1.646104649,0.013900617,0.017250137,0.01239129,0.040598341,0.045740244,0.026223308,0.005062151,0.042832057,0.016182642,0.0341486,0.022870177,0.007268311,0.010421659,0.14,1.05,0.27,0.02,28.31,3.77,0.74,38.17,,
70,-17.5103,-149.76659,5/21/2021,12:37,40.89612073,1.356136531,0.766634724,0.404840119,1.790659512,0.009218683,0.01041083,0.00767683,0.029555268,0.050547438,0.030222358,0.029608614,0.035244888,0.009918044,0.028732771,0.014335493,0.003969027,0.011648812,0.11,0.76,0.09,0.06,27.8,3.73,0.65,42.92,,
71,-17.51072,-149.76303,5/21/2021,13:00,27.98892732,1.283686015,0.90248648,0.529183015,1.811634809,0.007991127,0.00929587,0.007241545,0.029092251,0.033873682,0.016195556,0.007363911,0.03107238,0.009029398,0.018044374,0.010376216,0.004014008,0.006623679,0.11,0.74,0.1,-0.01,28.19,3.9,0.59,47.49,,
72,-17.52173,-149.76436,5/21/2021,15:51,23.51026246,1.434643372,0.685224211,0.450505883,1.724272815,0.008165042,0.010404976,0.007252657,0.021745017,0.03654816,0.023702304,0.018421652,0.028320533,0.009319333,0.018052136,0.013683119,0.003423765,0.006617718,0.12,0.81,0.16,-0.01,28.12,3.81,0.69,40.9,,
73,-17.51639,-149.76421,5/21/2021,15:24,27.61027683,1.510961159,0.942574159,0.422877921,1.771092555,0.007506273,0.010578582,0.007001227,0.035469738,0.037197821,0.010583003,0.014800394,0.036421455,0.009418176,0.017992997,0.012280234,0.003364439,0.015225858,0.11,0.76,0.1,-0.02,28.46,3.87,0.53,54.02,,
74,-17.50533,-149.76093,5/21/2021,11:52,32.71583262,1.52736189,0.871018504,0.347290426,1.544969392,0.006475425,0.007682063,0.005029628,0.026896919,0.045837921,0.032303643,0,0.029704514,0.007920951,0.027888644,0.009651638,0.002651126,0.001406311,0.1,0.76,0.08,0.08,28.61,3.86,0.7,40.95,,
75,-17.50327,-149.76453,5/21/2021,11:21,25.57971518,1.392114029,0.868486669,0.555483296,1.520313187,0.006760205,0.008314905,0.005972862,0.029783208,0.038905184,0.006753685,0.007753385,0.03187101,0.007395281,0.010507396,0.010514283,0.003178586,0.007763858,0.1,0.74,0.05,0,27.62,3.7,0.71,39.08,,
76,-17.50094,-149.76272,5/21/2021,11:05,34.4831586,1.836046665,0.767096908,0.423615444,1.489647134,0.011130249,0.014668711,0.007989291,0.035436338,0.063171751,0.010204093,0,0.042015787,0.013550809,0.028389378,0.016554175,0.003712256,0.002176338,0.09,0.72,0.06,0,,,,,No Turbinaria,
77,-17.50258,-149.75975,5/21/2021,10:39,34.60811834,1.55297119,0.729084944,0.482253382,1.827410186,0.012007584,0.014629397,0.009420263,0.039651166,0.050552965,0.022144166,0.016582935,0.045842168,0.013719464,0.033314321,0.013622647,0.005123111,0.006746106,0.09,0.77,0.04,0.21,29.24,4.05,0.64,45.41,,
78,-17.50025,-149.75765,5/21/2021,10:09,29.75510058,1.667021449,0.630835224,0.41746248,1.83337376,0.007663307,0.009258561,0.005553955,0.019748374,0.046360928,0.028049138,0.002572495,0.027348065,0.008711869,0.024518787,0.011212301,0.002819667,0.001657294,0.12,0.81,0.08,-0.01,29.72,4.1,0.6,49.16,,
79,-17.60411,-149.82103,5/26/2021,15:12,17.74419045,1.8559796,0.691743665,0.486474695,1.702654661,0.005380734,0.00766908,0.004132093,0.013251838,0.020325034,0.018101476,0,0.019600133,0.006687066,0.013230293,0.007170448,0.002222978,0,0.12,0.73,0.14,1.17,31.85,4.55,0.48,65.87,,
80,-17.56381,-149.87435,5/20/2021,16:45,46.97619485,1.187124436,0.776239458,0.771443678,1.618353796,0.013423822,0.014862485,0.012519736,0.030341925,0.056268153,0.013264854,0.005949252,0.034248942,0.014970411,0.02651493,0.023105363,0.007894996,0.004711437,0.16,1.17,0.31,0.67,26.26,3.45,0.67,38.93,Only 335 ml through sterivex,
81,-17.5651,-149.87756,5/20/2021,9:29,33.99861165,1.487747749,0.624999157,0.397795338,1.553796832,0.014526214,0.014764625,0.009924145,0.03598649,0.043560494,0.02576641,0.028944898,0.036964697,0.013722257,0.076544368,0.013040786,0.00521021,0.001562154,0.18,1,0.35,0.23,26.17,3.43,0.6,43.4,,
82,-17.56891,-149.87854,5/20/2021,9:28,33.79308676,1.33715499,0.827198887,0.781667205,1.632303897,0.010143792,0.011982413,0.008961125,0.03029813,0.038931445,0.014050285,0.000297315,0.031286115,0.011300445,0.019731706,0.017863485,0.005382309,0.004757399,0.15,0.75,0.13,0.12,29.6,4.02,0.61,48.33,,
83,-17.56706,-149.88305,5/20/2021,10:01,19.08766769,2.226698294,0.634033756,0.460242653,1.497138001,0.008698067,0.011311792,0.005080074,0.015669282,0.025927737,0.016462072,0,0.021317524,0.009634724,0.025398986,0.01298131,0.002329204,0,0.12,0.83,0.23,0.09,,,,,,
84,-17.56044,-149.88653,5/20/2021,11:05,21.80117793,1.70027606,0.443549746,0.242702016,1.76358352,0.009997873,0.011475637,0.006749279,0.024520672,0.023625355,0.00243813,0.030292166,0.025539843,0.009226443,0.099329588,0.000946316,0.004591367,0,0.13,0.78,0.28,0.13,29.38,4.12,0.5,59.12,,
85,-17.56351,-149.88122,5/20/2021,10:31,21.32368379,1.413750004,0.728652265,0.504086306,1.373057642,0.006700073,0.008783586,0.00621297,0.027305077,0.032932348,0.023979061,0,0.03062902,0.008043763,0.018569786,0.010348977,0.003794009,0,0.15,0.73,0.32,1.32,27.76,3.7,0.58,48.01,,
86,-17.5585,-149.88263,5/20/2021,11:38,25.27342341,1.990076777,0.565419614,0.353121918,1.659779712,0.009764904,0.011566017,0.005811845,0.018872638,0.033280127,0.023016353,0.020067642,0.020765379,0.009698565,0.054713708,0.007546047,0.003429682,0,0.09,0.94,0.35,0.14,26.18,3.45,0.68,38.4,,
87,-17.55784,-149.87963,5/20/2021,12:05,17.59836802,1.673335262,0.638223168,0.554146962,1.598914204,0.007853831,0.010749358,0.006423912,0.015699392,0.028076335,0.008792358,0,0.021299111,0.00941444,0.019660897,0.014834977,0.003240992,0,0.16,0.99,0.4,1.16,27.12,3.54,0.64,42.18,87 NEW,
89,-17.55474,-149.88559,5/20/2021,13:51,17.67030036,1.593065626,0.57056241,0.491741389,1.817960788,0.007138851,0.009238801,0.005799385,0.015696535,0.025695776,0.014302415,0.005235692,0.020570891,0.007972861,0.024459,0.008515877,0.003773622,0.002248912,0.15,1.03,0.31,1.18,26.35,3.43,0.66,40.01,,
90,-17.55574,-149.88792,5/20/2021,12:58,35.9085228,1.256804328,0.82150425,1.09126783,1.792682531,0.02125116,0.024482298,0.019479801,0.038807136,0.038071999,0.019676891,0.008526043,0.042719065,0.023362487,0.030443414,0.034041054,0.011516218,0.006195037,0.08,0.84,0.2,0.13,28.46,3.7,0.74,38.21,,
91,-17.55742,-149.89051,5/20/2021,13:25,15.55920602,1.679487426,0.741694382,0.526251774,1.749632876,0.008342158,0.011680648,0.006954889,0.022110048,0.023609888,0.020139207,0.010285898,0.025404295,0.010279223,0.017665117,0.016624981,0.003500909,0.007688097,0.15,0.74,0.35,0.56,29.28,3.91,0.67,43.46,,
92,-17.55033,-149.89705,5/20/2021,14:44,16.80341064,1.829993462,0.644028759,0.318624811,1.755697604,0.010252954,0.011747862,0.006419619,0.017365647,0.013792538,0.01980999,0.031962389,0.014794296,0.010101954,0.078354394,0.005592989,0.003921979,0.003517952,0.08,0.93,0.28,0.09,30.37,4.24,0.54,55.93,,
93,-17.54638,-149.89117,5/20/2021,15:24,29.28890216,1.717551561,0.92749781,0.300062224,1.394610701,0.013204993,0.018350519,0.010684115,0.047864979,0.027950752,0.013810265,0.055932825,0.038972175,0.015404307,0.110757173,0.007631653,0.006803839,0.011355547,0.1,1.28,0.47,0.18,26.46,3.44,0.71,37.26,,
94,-17.54781,-149.89496,5/19/2021,15:40,27.02681038,1.723448982,0.62574078,0.661591636,1.526312526,0.017644593,0.021330352,0.01237655,0.036820027,0.02597169,0.017687385,0.022845056,0.040433366,0.018977991,0.024966305,0.023990627,0.004235214,0.007015168,0.12,0.74,0.2,0.05,30.41,4.17,0.57,53.73,,
95,-17.54494,-149.90223,5/19/2021,15:08,36.22423831,1.43968981,0.678810837,0.53894925,1.596600798,0.022321095,0.023730033,0.01648274,0.05455046,0.055154205,0.020625043,0.068699376,0.050790636,0.021736628,0.097063223,0.034065651,0.008637963,0.0238259,0.15,0.71,0.17,0.08,29.95,4.06,0.6,49.68,,
96,-17.53816,-149.90449,5/19/2021,13:47,23.00685689,1.431776624,0.806209375,0.891468843,1.566978689,0.013221232,0.017263809,0.012057613,0.026406341,0.029458152,0.022001025,0.005910562,0.032856522,0.015954266,0.00783284,0.023756624,0.007565034,0.008583561,0.16,1.17,0.52,0.11,25.47,3.3,0.75,34.13,,
97,-17.54098,-149.90676,5/19/2021,14:02,46.97688437,1.453193396,0.719961167,0.389388392,1.591990406,0.021876764,0.026620652,0.018318727,0.103020279,0.123746874,0.023045536,0.07661207,0.097085766,0.025212796,0.103942101,0.027496399,0.007619236,0.046765191,0.14,0.78,0.16,0,28.17,3.8,0.69,40.64,,
98,-17.54182,-149.89851,5/19/2021,14:30,19.13472264,1.75909584,0.755155052,0.503433291,1.595234176,0.008288865,0.012456046,0.007080936,0.030325108,0.033121094,0.009182066,0.010415769,0.035373909,0.01013369,0.008144051,0.011307958,0.003836326,0.006918241,0.14,0.71,0.24,0.1,27.32,3.66,0.65,41.8,,
99,-17.53413,-149.90549,5/19/2021,13:20,23.13863339,1.319938721,0.749291792,0.803635598,1.58342786,0.010490319,0.013681281,0.010365088,0.018564988,0.015494904,0,0.016214265,0.024045214,0.012028491,0.006547079,0.015742029,0.007261745,0.008939643,0.17,0.81,0.44,1.13,26.33,3.5,0.72,36.62,,
100,-17.53432,-149.91013,5/19/2021,12:45,17.11834976,1.704269167,0.719531159,0.534072912,1.760147757,0.006957068,0.009453128,0.005546734,0.017446543,0.021989299,0.009452116,0.010846026,0.024007578,0.007766682,0.004182244,0.007177271,0.003661755,0.002918164,0.14,0.69,0.21,0.05,27.11,3.66,0.74,36.73,,
101,-17.53756,-149.91211,5/19/2021,12:04,20.89527623,1.814921579,0.78498084,0.439392867,1.483087529,0.010354445,0.013483836,0.007429432,0.029124385,0.018955499,0.01118346,0.030699957,0.031304178,0.011726802,0.02223305,0.01137648,0.004445452,0.011668092,0.17,0.75,0.15,0.01,28.8,3.97,0.68,42.41,,
102,-17.52928,-149.91816,5/19/2021,11:21,19.70058123,1.378613498,0.840620157,0.444432683,1.738500516,0.008155724,0.009681634,0.007022732,0.022359213,0.021588299,0.019990446,0.01941066,0.025489794,0.009239621,0.015860219,0.007585134,0.003858528,0.003517925,0.17,0.72,0.17,0,29.32,4.07,0.6,49.02,,
103,-17.52735,-149.91403,5/19/2021,10:56,24.19000648,1.547452438,0.856289056,0.556458908,1.844989488,0.010790797,0.014116664,0.009122519,0.028678669,0.017499401,0.008447494,0.010093701,0.033299809,0.012922405,0.012599302,0.013066773,0.006221478,0.007881124,0.18,0.77,0.38,0.17,27.91,3.72,0.69,40.36,,
104,-17.52568,-149.91074,5/19/2021,10:22,50.75814515,1.256089215,0.617394937,0.664550186,1.563777668,0.032009889,0.032462215,0.025843877,0.061021834,0.057889234,0.022050493,0.070140657,0.054967388,0.030189314,0.111199304,0.035595562,0.016786457,0.026399078,0.18,1,0.47,0.21,27.73,3.74,0.59,47.1,,
105,-17.52007,-149.92062,5/19/2021,10:05,37.23340639,1.61259659,0.833172405,0.421535969,1.487188376,0.01087218,0.014696243,0.009113403,0.038098091,0.05469274,0.015625779,0.025019569,0.042927945,0.013413574,0.029111051,0.016551125,0.004595716,0.009482698,0.15,0.75,0.37,1.16,29.82,4.18,0.59,50.15,,
106,-17.51945,-149.91706,5/19/2021,10:52,34.47086305,2.199842038,0.660636857,0.408277501,1.705456595,0.011656865,0.016621242,0.007555653,0.024997712,0.043161939,0.008118404,0.0250378,0.031573459,0.013970771,0.040865607,0.012189296,0.004232228,0.00534054,0.12,0.91,0.42,0.28,28.83,3.96,0.54,53.39,,
107,-17.51886,-149.91327,5/19/2021,11:29,29.20853454,1.522413697,0.598400923,0.259654095,1.567087179,0.01148495,0.012625119,0.008292831,0.025971204,0.030451939,0.001054509,0.058789478,0.019070533,0.011147733,0.131905276,0.000112667,0.006284614,0.001996077,0.08,1.35,0.38,0.12,27.46,3.66,0.63,43.39,,
108,-17.51273,-149.92259,5/19/2021,12:54,37.6496145,1.614680899,0.669301396,0.353539818,1.650753206,0.010313261,0.011423154,0.007074558,0.02959153,0.047408771,0.012686118,0.024576014,0.031046097,0.010427835,0.058147735,0.008469523,0.004704477,0.00815644,0.08,0.83,0.26,0.63,29.21,4.07,0.61,47.85,,
109,-17.51139,-149.91945,5/19/2021,13:34,27.1566168,1.519262113,0.622418324,0.483963559,1.731343283,0.010354481,0.012202855,0.008032093,0.024666503,0.045109508,0.000805872,0.003691352,0.02878857,0.010817439,0.023522482,0.010225677,0.004463254,0.005123612,0.1,0.88,0.3,0.76,30.1,4.28,0.57,53.06,,
110,-17.51056,-149.91592,5/19/2021,14:40,35.93671537,1.304464898,0.67136255,0.433257537,1.614038308,0.014015072,0.015511519,0.011891097,0.038091634,0.032989691,0.011610622,0.048115272,0.03382846,0.014766163,0.081255789,0.010850383,0.009218275,0.011053271,0.14,0.97,0.41,0.21,26.85,3.52,0.59,45.14,,
111,-17.50318,-149.92404,5/19/2021,15:13,42.57573106,1.523426368,0.757383298,0.404239281,2.129748263,0.009384775,0.011006851,0.007225063,0.025897102,0.055257508,0.006768871,0.020543512,0.033097607,0.009814618,0.026607548,0.010996641,0.005933224,0.005855167,0.14,0.75,0.3,0.18,30.03,4.21,0.51,59.14,,
112,-17.50348,-149.92064,5/19/2021,15:46,34.88437476,1.348925403,0.704416741,0.450167478,1.599698321,0.011883483,0.013443111,0.009965793,0.027735305,0.047041759,0.007062015,0.030349325,0.027286543,0.013169964,0.051231074,0.014543684,0.005690738,0.010673443,0.09,0.8,0.36,0.18,29.37,3.87,0.47,63.07,,
113,-17.50287,-149.91747,5/19/2021,16:16,78.31103275,1.343262247,0.648218339,1.066925325,1.554198532,0.04039486,0.043587924,0.032449303,0.076568355,0.074733348,0.028862477,0.072177088,0.065894401,0.040703578,0.076033742,0.070297151,0.020132773,0.044797798,0.15,1.34,0.58,0.27,27.08,3.53,0.6,45.43,,
114,-17.49546,-149.92357,5/24/2021,9:15,26.59327166,1.834141817,0.704994323,0.545833698,1.827808633,0.006010234,0.00925567,0.005046322,0.014832471,0.043496637,0.012571687,0.004703268,0.017964952,0.008240691,0.014790048,0.010538643,0.003291169,0.00442121,0.11,0.69,0.24,0.43,30.13,4.14,0.5,60.35,,
115,-17.49504,-149.91971,5/24/2021,9:42,22.6951697,1.391451696,0.875452149,0.468748025,1.621392729,0.007616536,0.009780938,0.007029305,0.029143497,0.027233498,0,0.000803451,0.03032375,0.008941045,0.019707887,0.009536226,0.004494606,0.004108806,0.12,0.67,0.25,0.51,29.16,3.92,0.61,47.89,,
116,-17.49475,-149.9146,5/24/2021,10:00,39.09137743,1.539651759,0.628220726,0.507361017,1.614643007,0.01168355,0.013179601,0.008560118,0.025630694,0.042121894,0.017107735,0.036677471,0.02461243,0.01221191,0.040041792,0.01447465,0.004796443,0.012316468,0.08,0.72,0.28,0.19,26.67,3.45,0.71,37.64,,
117,-17.49065,-149.9111,5/24/2021,10:24,25.38989877,1.715608027,0.914394957,0.536997206,1.379848345,0.007908854,0.012011773,0.007001467,0.029674379,0.029572084,0.00537407,0.028319322,0.028282008,0.010733527,0.019833912,0.008568058,0.004600106,0.0119213,0.12,0.84,0.23,0.5,25.05,3.21,0.83,30.22,Ripping current; no coral surveys; no benthic photos,
118,-17.48915,-149.90675,5/24/2021,11:20,27.8297761,1.355039929,0.790855362,0.523834889,1.650819405,0.009238407,0.011210954,0.008273523,0.023663861,0.040139055,0.013189586,0.006969954,0.028414,0.010369144,0.018168277,0.014226904,0.00521903,0.0080702,0.12,0.94,0.23,0.58,25.9,3.32,0.88,29.27,Ripping current; no coral surveys,
119,-17.48592,-149.90779,5/24/2021,10:40,23.18409611,1.266566807,0.728307711,0.408746511,1.541489923,0.006849454,0.008614298,0.006801297,0.025385581,0.039269895,0.020782281,0.004969074,0.029134742,0.008064811,0.030306053,0.00649837,0.00430069,0.001741645,0.12,0.71,0.17,0.5,27.65,3.61,0.61,45.02,,
120,-17.48791,-149.90225,5/24/2021,11:42,26.91060425,1.436110863,0.722938949,0.632137961,1.598073088,0.007572919,0.010612123,0.007389487,0.023874413,0.037136046,0.022342205,0.017016354,0.024011173,0.010658343,0.015225076,0.01287582,0.00451293,0.006972071,0.13,0.74,0.21,0.66,28.79,3.77,0.72,39.72,,
121,-17.48853,-149.89686,5/24/2021,12:08,35.71228067,1.06198194,0.700929577,0.497348142,1.659342709,0.010429239,0.01216206,0.011452229,0.027206995,0.05265355,0.017113236,0.016001454,0.03382501,0.012424876,0.026577608,0.013716796,0.00668638,0.001526798,0.15,0.99,0.26,0.49,28.65,3.74,0.62,46.19,,
122,-17.48485,-149.89624,5/24/2021,12:32,22.70843286,1.596110472,0.677318605,0.470870119,1.413727749,0.007825533,0.010537625,0.006602065,0.020348492,0.037585468,0.008546443,0,0.025403775,0.009674788,0.021931207,0.011210395,0.003987734,0,0.11,0.78,0.21,0.48,28.7,3.79,0.69,41.3,,
123,-17.48895,-149.89129,5/24/2021,13:15,32.65680543,1.374129994,0.955612025,0.481278881,1.361992011,0.009972702,0.012913062,0.009397264,0.032871406,0.047120338,0.015067761,0.005977369,0.031557338,0.013156135,0.053991136,0.010285467,0.005852231,0,0.14,0.78,0.34,0.53,30.41,4.15,0.53,56.85,123N,
125,-17.4902,-149.88266,5/25/2021,10:07,35.81189487,1.251578358,0.732521212,0.77608184,1.757806274,0.013724291,0.016531322,0.013208379,0.034548065,0.041342767,0.012202674,0.015392199,0.03546371,0.016268365,0.020381018,0.024313713,0.009084409,0.0143257,0.15,0.81,0.67,0.97,29.43,3.8,0.7,42.16,,
126,-17.4918,-149.87949,5/24/2021,15:54,62.69607062,1.235958083,0.67008421,1.159500623,1.628360567,0.030173228,0.033315831,0.02695547,0.043397428,0.053422034,0.018486034,0.031305404,0.042817433,0.032405486,0.04552947,0.048588293,0.018045225,0.016143654,0.06,1.74,0.61,0.39,28.33,3.7,0.6,46.9,,
127,-17.48897,-149.87898,5/24/2021,15:26,40.27566972,1.480376816,0.820828524,0.582528071,1.607052241,0.01206284,0.015733178,0.01062782,0.039609848,0.042413911,0.016030244,0.011100291,0.04470191,0.014653182,0.018916267,0.015124921,0.006379764,0.005697989,0.15,0.8,0.41,0.74,29.99,4.09,0.47,63.8,,
128,-17.48683,-149.8765,5/25/2021,11:18,16.03124686,1.284437194,0.671445458,0.628646499,1.668157621,0.007069253,0.008671181,0.006750958,0.009836316,0.006146779,0.006454062,0.001476772,0.013719659,0.008417029,0.015401136,0.010730928,0.00442289,0,0.13,0.79,0.35,0.59,27.34,3.45,0.67,40.98,,
129,-17.48973,-149.87265,5/25/2021,12:12,31.0148633,1.173987047,0.68191258,1.529565665,1.638806706,0.017850163,0.01936651,0.016496357,0.016455325,0.018975541,0,0.01743927,0.019831325,0.018395523,0.013644366,0.027835225,0.011842489,0.009411703,0.09,1.22,0.19,0.71,29.21,3.85,0.63,46.09,,
130,-17.48467,-149.87422,5/25/2021,11:40,16.19494496,1.538604717,0.686343302,0.562113359,1.522846676,0.008082255,0.009770464,0.006350211,0.01500449,0.005553506,0.010729845,0,0.020558428,0.008828355,0.011638986,0.007493838,0.004213442,0,0.14,0.79,0.4,0.5,29.49,3.89,0.73,40.14,,
131,-17.4881,-149.86676,5/25/2021,14:50,21.21961384,1.356025678,0.777407489,0.646966181,1.586807386,0.010482191,0.012776422,0.009421961,0.012238532,0.002667242,0.014860736,0.007596906,0.022706917,0.01110701,0.016849423,0.014280363,0.006451425,0,0.12,1.18,0.33,0.49,29.19,3.83,0.93,31.38,,
132,-17.48744,-149.87097,5/25/2021,12:59,23.48603024,1.428854465,0.734437544,0.749380525,1.582921452,0.011627065,0.014497577,0.010146294,0.019035847,0.01176533,0.00732605,0.023280558,0.023236812,0.013202824,0.016631873,0.016205015,0.006516107,0.008695487,0.14,0.97,0.4,0.55,28.71,3.76,0.7,40.9,,
133,-17.49029,-149.8869,5/24/2021,14:15,20.64085995,1.353767917,0.73352334,1.236364885,1.699693486,0.012651532,0.01450064,0.010711319,0.015558964,0,0,0.009996005,0.016454726,0.013273522,0.015578334,0.019476169,0.007321545,0.003713728,0.08,0.87,0.36,0.24,30.36,4.13,0.69,43.96,,
134,-17.48733,-149.88701,5/24/2021,13:44,22.18200614,1.749597998,0.983446112,0.562346245,1.889404591,0.010243883,0.014989818,0.008567578,0.032650005,0.039432297,0.024782536,0.009780239,0.035161191,0.013624689,0.019170326,0.010240512,0.004414453,0.008097821,0.15,0.77,0.33,0.56,29.65,3.97,0.69,42.72,,
136,-17.4869,-149.88057,5/24/2021,15:00,39.84509415,1.361237725,0.784610651,0.667454105,1.816251589,0.020431947,0.024886895,0.018282549,0.043571273,0.037525934,0.010383121,0.044882403,0.038493425,0.022699744,0.061901114,0.023976938,0.01080623,0.015735821,0.08,0.85,0.37,0.26,28.86,3.89,0.66,43.76,,
137,-17.4838,-149.87981,5/25/2021,10:49,19.08431998,1.475809941,0.782583128,0.557642772,1.689266847,0.008253175,0.011188923,0.007581547,0.018931638,0.021655835,0.003379327,0.021358414,0.022357554,0.010423843,0.021451304,0.010245859,0.005227926,0.00654541,0.12,0.78,0.32,0.4,27.7,3.61,0.75,36.71,,
138,-17.4921,-149.87465,5/25/2021,12:35,29.66129818,1.243028081,0.727716898,0.573290978,1.745261526,0.012031157,0.013950667,0.011223131,0.031899882,0.03607346,0.009591188,0.014806856,0.034644225,0.013698895,0.033602149,0.014840583,0.007510243,0.00103481,0.14,0.99,0.28,0.63,30.91,4.38,0.62,50.25,,
139,-17.49065,-149.86812,5/25/2021,13:23,22.17419507,1.232819731,0.706743273,1.186873094,1.623807274,0.012658677,0.014301644,0.011600758,0.018296454,0.013991733,0,0.008296566,0.022616209,0.013798566,0.010749463,0.017515704,0.008673799,0.00236388,0.15,1.11,0.34,0.64,28.03,3.72,0.57,49.54,,
140,-17.49716,-149.86264,5/25/2021,13:57,32.01338943,1.128255103,0.818322032,1.201204365,1.617632534,0.016472264,0.017961847,0.015920023,0.024625777,0.018119885,0.01625307,0.015979342,0.02467779,0.017831251,0.025065503,0.023545503,0.012229176,0.005403227,0.13,1.6,0.54,0.47,28.51,3.76,0.74,38.33,,
141,-17.49316,-149.86737,5/25/2021,13:41,35.20113986,1.281513604,0.781740363,0.872540757,1.648618915,0.017577286,0.022097195,0.017243044,0.034015311,0.032809821,0.012691406,0.024740975,0.036966841,0.020432455,0.031905594,0.024275931,0.012236359,0.010036085,0.16,1.6,0.62,0.6,26.35,3.39,0.76,34.46,,
142,-17.49376,-149.85192,5/25/2021,15:15,24.89719843,1.264104359,0.824907814,0.812436117,1.615441851,0.013392395,0.015501641,0.012262944,0.030243238,0.039615736,0,0.040002441,0.033637336,0.015402961,0.015265105,0.019717649,0.007675975,0.017928976,0.12,0.84,0.37,0.5,26.91,3.48,0.55,48.7,,
143,-17.49083,-149.85442,5/25/2021,15:41,33.64907521,1.215854487,0.789137188,0.826564207,1.640180793,0.017158066,0.019815453,0.016297553,0.041566861,0.032770463,0.012671609,0.039809651,0.040490396,0.019075298,0.022195409,0.027458997,0.011385939,0.018695109,0.22,1.12,0.54,0.82,27.99,3.58,0.84,33.21,,
144,-17.48895,-149.855,5/25/2021,16:12,46.01103442,1.393452198,1.333056004,0.613527613,1.807340653,0.013957275,0.017812592,0.012783067,0.06956061,0.02721567,0.017243362,0.23790278,0.018437105,0.013167992,0,0.018397485,0.009315477,0.229655515,0.17,1.29,0.39,0.73,29.83,4.04,0.6,49.65,,
145,-17.48967,-149.84942,5/26/2021,12:55,26.74140241,1.180270525,0.788854007,0.894556067,1.557809726,0.013168312,0.014631448,0.01239669,0.028169833,0.030126894,0.001529705,0.043454387,0.027332201,0.014513669,0.013989235,0.019912624,0.009329525,0.01697384,0.17,1.26,0.46,1.68,28.06,3.62,0.72,38.93,,
146,-17.48546,-149.84699,5/26/2021,12:37,24.24895239,1.380275691,0.730309897,0.629784091,1.892251138,0.010043305,0.012433587,0.009008046,0.024913948,0.028546794,0.009003252,0.026343195,0.029560512,0.011582029,0.019924272,0.015839537,0.006926,0.002651677,0.16,0.85,0.36,0.68,30.12,3.95,0.68,44.49,,
147,-17.48169,-149.84987,5/26/2021,11:44,18.4575351,1.511942391,0.99546346,0.496758457,1.763334336,0.008728225,0.010663446,0.007052813,0.026003766,0.030224552,0.010679787,0.018034334,0.02894259,0.01024198,0.017065844,0.013169899,0.003778192,0.010446422,0.15,0.94,0.29,0.62,29.24,3.77,0.7,41.81,,
148,-17.48387,-149.84902,5/26/2021,12:13,,,,,,,,,,,,,,,,,,,0.15,0.77,0.33,0.22,29.4,3.76,0.63,46.31,,
149,-17.4865,-149.85203,5/26/2021,13:16,40.52693241,1.275533858,1.061205551,0.450605845,1.737029904,0.01402946,0.016732465,0.013118009,0.074691845,0.057849986,0.013164498,0.101177945,0.0613735,0.016055939,0.059743562,0.018669292,0.00733577,0.055384584,0.16,0.94,0.46,0.73,29.08,3.81,0.58,50.04,,
150,-17.4843,-149.84201,5/24/2021,16:38,28.67978555,1.451608387,0.537232794,0.392851181,1.62965396,0.0151112,0.0153607,0.010581849,0.036197648,0.033875405,0.012143184,0.046297126,0.03185505,0.013926297,0.086911106,0.010060275,0.007426017,0.013565683,0.1,0.85,0.4,0.39,29.66,4.18,0.51,58.23,,
151,-17.47822,-149.84236,5/26/2021,11:11,15.41858549,1.669224408,0.762962428,0.538394322,1.355414658,0.006842031,0.008710987,0.005218583,0.016407529,0.017317765,0,0.012281786,0.021411543,0.007298977,0.004731433,0.011590621,0.003488548,0.006812226,0.13,0.9,0.31,0.61,28.62,3.66,0.74,38.49,,
152,-17.4801,-149.84228,5/26/2021,10:47,26.48789051,1.707160921,0.740327152,0.539059754,1.721113695,0.010081945,0.015161797,0.008881293,0.030770093,0.033746098,0.000104079,0.024655121,0.032893342,0.013174071,0.010627236,0.017193869,0.004758714,0.018448003,0.17,0.88,0.5,0.62,28.4,3.62,0.7,40.74,,
153,-17.47842,-149.83398,5/26/2021,10:17,21.39168049,1.493439204,0.790881097,0.656561634,1.657536167,0.010371074,0.013662164,0.009148122,0.027303279,0.02312453,0,0.009519954,0.031409857,0.012803514,0.014003266,0.017248722,0.004701231,0.004863606,0.14,0.93,0.38,0.64,27.16,3.47,0.7,38.71,,
154,-17.47973,-149.83653,5/24/2021,16:03,24.73181724,1.487443521,0.672450882,0.825232121,1.749209367,0.010299449,0.013213948,0.008883663,0.017319587,0.028359338,0,0.018251307,0.020058162,0.011638204,0.011943255,0.015641763,0.005973839,0.010644476,0.13,0.93,0.35,0.65,27.92,3.7,0.5,55.56,,
155,-17.48487,-149.83479,5/24/2021,15:50,23.1965298,1.326705575,0.691143943,0.464653463,1.673900381,0.009864498,0.011475818,0.008649861,0.039160149,0.035385184,0.005207949,0.024733694,0.040567066,0.010828697,0.022303488,0.014187958,0.005027411,0.004598528,0.14,0.94,0.41,0.64,28.93,3.89,0.57,50.43,,
156,-17.48503,-149.83127,5/24/2021,15:35,52.27834801,1.439625408,0.554776479,1.282480375,1.554421971,0.032977214,0.035743527,0.024828352,0.052542576,0.065195875,0.013564349,0.051280035,0.052860016,0.031886323,0.019804841,0.054989217,0.014264446,0.035451658,0.13,0.9,0.33,0.17,28.01,3.63,0.7,40.03,,
157,-17.48115,-149.83014,5/24/2021,14:53,36.38121181,1.16786107,0.73373362,1.359459119,1.602523403,0.018927387,0.021542066,0.018445744,0.0319611,0.025121335,0.011724337,0.032415159,0.031220854,0.020464287,0.013606467,0.030245718,0.013692886,0.01922331,0.11,1.13,0.18,0.34,27.09,3.62,0.53,50.95,,
158,-17.48467,-149.82752,5/24/2021,14:10,28.39669993,1.722689042,0.537852757,0.455621424,1.531489572,0.016280528,0.016248698,0.009432171,0.029886895,0.043216814,0.009897315,0.023597506,0.036555307,0.013739436,0.025277357,0.013217385,0.00568428,0.012075871,0.13,0.89,0.36,0.57,27.7,3.53,0.53,52.27,,
159,-17.48656,-149.82506,5/24/2021,13:44,29.25990015,1.40389425,0.690795686,0.608777842,1.746503391,0.009322626,0.01181083,0.008412906,0.019766868,0.036498202,0,0.025129877,0.023505057,0.010764925,0.018862897,0.016717289,0.005839341,0.008314757,0.15,0.99,0.35,0.7,27.32,3.46,0.53,51.94,,
160,-17.48205,-149.82621,5/24/2021,14:28,54.76274295,1.47619813,1.544554114,1.006058187,1.792885777,0.020357832,0.030159271,0.020430368,0.082636667,0.067879408,0.017960722,0.016821154,0.081534953,0.025253713,0.003821402,0.047027024,0.018619332,0.027118355,0.17,1.1,0.69,0.26,28.54,3.66,0.72,39.69,,
161,-17.47371,-149.77685,5/23/2021,10:17,22.64668913,1.572173159,0.732403097,0.463779808,1.651101171,0.008885126,0.011405643,0.007254699,0.027877805,0.037518536,0.00678774,0.014292309,0.035324349,0.010101096,0.009330897,0.011780229,0.004004692,0.014416851,0.14,0.84,0.23,0.18,27.62,3.56,0.7,39.35,,
162,-17.476,-149.78036,5/23/2021,10:45,42.19257184,1.237211955,0.699306517,1.009654483,1.560445229,0.014982378,0.016812351,0.013588902,0.033460288,0.036925232,0.003453203,0.026479644,0.033854491,0.01656413,0.015168081,0.025045431,0.00958411,0.017774271,0.15,1.81,0.27,0.41,29,3.56,0.68,42.77,,
163,-17.47785,-149.78665,5/23/2021,11:58,38.34839449,1.716683352,0.679109359,0.542854741,1.612741954,0.008077727,0.009997076,0.005823483,0.017609789,0.034759807,0.006803849,0.007829088,0.021582262,0.009060468,0.013292881,0.013342241,0.003695135,0.00866696,0.17,0.91,0.25,0.21,27.99,3.54,0.68,41.05,,
164,-17.47881,-149.79099,5/23/2021,14:47,21.54052438,1.416488735,0.755199455,0.558906597,1.620856012,0.008028984,0.009799735,0.006918329,0.018885072,0.025400605,0.01861016,0.001349502,0.023378121,0.008821995,0.013482085,0.012118129,0.005045619,0.008287266,0.15,0.83,0.36,0.33,28.96,3.78,0.56,51.86,,
165,-17.47961,-149.79613,5/23/2021,16:15,42.74914679,1.359749095,0.782335446,0.756725345,1.663054346,0.016918504,0.020033759,0.014733424,0.042691156,0.038984031,0.005579984,0.032242079,0.038470597,0.018796609,0.026448811,0.023961891,0.010718626,0.02379821,0.17,0.91,0.77,0.4,27.85,3.59,0.73,38.28,,
166,-17.47499,-149.78672,5/23/2021,11:32,29.2667756,1.584038459,0.761386468,0.536584693,1.514306307,0.00758514,0.009360089,0.005909003,0.017108359,0.034027867,0.017031853,0,0.019875735,0.008413861,0.014244905,0.010914018,0.004256981,0.010941258,0.15,0.75,0.29,0.13,28.72,3.7,0.48,60.45,,
167,-17.47283,-149.78103,5/23/2021,11:06,37.31808248,1.573239429,0.683264014,0.765063374,1.719833132,0.010318192,0.013010006,0.008269565,0.020536029,0.034957046,0.001367691,0.014840601,0.020934483,0.011498185,0.018030633,0.01522362,0.006063581,0.012746033,0.13,0.86,0.3,0.9,28.6,3.66,0.56,51.08,,
168,-17.47187,-149.78655,5/23/2021,12:31,48.55552349,1.700475545,0.722842052,0.249665655,1.724283109,0.009099534,0.0115089,0.006768048,0.029776843,0.053339642,0.02798093,0.027068002,0.038557979,0.009453031,0.039115601,0.009838927,0.004065124,0.016928025,0.15,0.88,0.27,0.44,28.96,3.53,0.6,48.46,,
169,-17.47434,-149.79374,5/23/2021,15:18,42.16546153,1.774144124,0.802974976,0.555283517,1.653724825,0.011861386,0.015158835,0.008544308,0.024244122,0.037931684,0.01928231,0.021912836,0.024486212,0.013891539,0.042688601,0.014105138,0.005139611,0.009043372,0.16,0.88,0.31,0.91,28.54,3.62,0.58,49.29,,
170,-17.47682,-149.79501,5/23/2021,15:50,36.54723797,1.441330831,0.682663793,0.649441697,1.688060417,0.011725947,0.014289903,0.009914381,0.031749148,0.038580775,0.000557087,0.021035779,0.035256386,0.013031902,0.01360303,0.017417783,0.006310238,0.010822352,0.16,0.85,0.39,0.84,27.85,3.6,0.72,38.81,,
171,-17.47497,-149.79012,5/23/2021,14:20,36.54415114,1.254982641,0.954361144,0.676545344,1.616006145,0.010150765,0.011420885,0.009100433,0.029816828,0.031527109,0.003251651,0.006462346,0.029887058,0.009224383,0.010877345,0.013110264,0.011962799,0.012825774,0.18,0.79,0.36,0.88,27.72,3.54,0.7,39.82,,
172,-17.48044,-149.79966,5/25/2021,10:35,33.4488037,1.580295011,0.722075232,0.582348499,1.5893266,0.010494755,0.013599136,0.008605441,0.025550801,0.036287574,0.011703249,0.006130581,0.029934523,0.01197045,0.00849544,0.016832824,0.005193833,0.012563575,0.17,0.96,0.66,1.66,27.53,3.51,0.68,40.28,,
173,-17.47605,-149.79737,5/25/2021,10:15,26.38416698,1.429141411,0.658726864,0.642031981,1.699115148,0.009377376,0.011701776,0.008187976,0.018489332,0.023900929,0.008730178,0.007272649,0.022783718,0.010695648,0.018337163,0.011843082,0.005540374,0.004261247,0.16,0.83,0.44,0.72,28.06,3.58,0.72,39.02,,
175,-17.48082,-149.80484,5/25/2021,11:23,27.08037239,1.588861798,0.611407496,0.45590098,1.794412547,0.011607544,0.012478965,0.007854028,0.023783701,0.023233617,0.008766009,0.019565644,0.026860407,0.011501684,0.047040854,0.010924701,0.004930934,0.001373043,0.12,1,0.58,0.34,28.34,3.56,0.69,41.08,,
176,-17.48256,-149.81385,5/25/2021,15:50,43.56138703,1.543228885,0.882642843,0.975159418,1.552911484,0.01256809,0.016661581,0.010796572,0.025946562,0.031860308,0.007008174,0.00858303,0.026992053,0.014748431,0.010453775,0.023594774,0.006960633,0.013521026,0.17,0.87,0.84,0.75,27.08,3.38,0.67,40.48,,
178,-17.48729,-149.81839,5/25/2021,16:15,45.16345193,1.313196745,0.681051506,0.968348187,1.616541945,0.019052157,0.021455181,0.016338131,0.030499304,0.032723883,0,0.021389041,0.032678458,0.019620509,0.028251185,0.028481048,0.011455423,0.01211665,0.12,1.59,0.97,0.42,26.35,3.32,0.77,34.14,,
179,-17.4812,-149.8176,5/25/2021,14:50,36.09873692,1.57775982,0.708893761,0.573486812,1.697564544,0.013420971,0.015659561,0.009925187,0.032465343,0.045536066,0.019482162,0,0.034032418,0.014263613,0.039438563,0.015644327,0.006437072,0.001198958,0.1,0.95,0.34,0.26,27.69,3.52,0.73,38.03,,
180,-17.47708,-149.82124,5/26/2021,9:32,26.84174727,1.481638436,0.724812313,0.602969268,1.601756954,0.010691714,0.014232801,0.009606123,0.031910075,0.032797747,0.019446862,0,0.034853017,0.012958782,0.019243206,0.013790526,0.006527005,0.004904727,0.16,1.07,0.49,1.01,28.23,3.63,0.7,40.35,,
181,-17.47478,-149.81489,5/25/2021,13:40,33.83755469,1.608671922,0.841026373,0.547882452,1.70301357,0.008517397,0.011332673,0.007044739,0.029965531,0.03739929,0.021988192,0.00509469,0.030045248,0.009587521,0.013373413,0.011994643,0.00420841,0.011773331,0.15,0.84,0.3,0.62,25.94,3.4,0.65,39.87,,
182,-17.47831,-149.81354,5/25/2021,13:15,22.50337621,1.748735587,1.051363978,0.514192995,1.904069208,0.00972622,0.014468264,0.008273557,0.029426924,0.024753996,0.006537079,0.019262387,0.029585588,0.012063142,0.021177392,0.010982292,0.005386223,0.015600499,0.13,0.88,0.3,1.64,27.45,3.71,0.54,51.09,,
183,-17.48035,-149.81365,5/25/2021,12:30,18.7714789,1.64674528,0.602003853,0.387983317,1.630447427,0.00747781,0.009568568,0.005810594,0.020083307,0.030464971,0.017402415,0.013387538,0.025736662,0.007827224,0.019255523,0.006306524,0.003946422,0,0.15,0.84,0.24,0.91,28.07,3.7,0.59,47.6,,
184,-17.47487,-149.8077,5/25/2021,14:10,34.22896234,1.686166777,0.674991588,0.358411819,1.809671429,0.007990546,0.010881297,0.006453274,0.033079959,0.044779711,0.023854448,0.01444495,0.034725135,0.009281405,0.022684588,0.009242889,0.003451744,0.007951128,0.17,0.82,0.37,0.93,29.23,3.97,0.63,46.46,184N,
185,-17.47691,-149.80663,5/25/2021,12:00,28.0547487,1.572323549,0.657023398,0.391281325,1.665744505,0.008368242,0.009910973,0.006303393,0.025884305,0.043985567,0.036981668,0.001145401,0.0310678,0.009994689,0.023626286,0.009116836,0.004245593,0,0.18,0.82,0.33,0.94,29.05,3.89,0.67,43.39,,
186,-17.47712,-149.8025,5/25/2021,10:56,22.39727454,1.455048605,0.737276827,0.736678734,1.78407362,0.007923154,0.009649287,0.006631591,0.015661555,0.025485416,0.011000905,0,0.019524753,0.008681385,0.010022643,0.011912902,0.004949176,0.004437651,0.18,0.84,0.44,0.9,27.58,3.61,0.67,41.01,,
187,-17.47899,-149.80634,5/25/2021,11:40,32.07322056,1.505092197,0.725181583,0.54937931,2.061647662,0.007746904,0.009327791,0.006197488,0.017834654,0.035650286,0.016477697,0.003236042,0.020966165,0.008641107,0.025078631,0.010230826,0.004257874,0.001904608,0.18,0.83,0.36,1.68,30.86,4.1,0.62,49.51,,
188,-17.47807,-149.81724,5/25/2021,15:20,32.50510228,1.601432822,0.72556576,0.601306693,1.973329535,0.007013839,0.008154307,0.005091882,0.016508178,0.041861066,0.017410533,0.014282134,0.019520534,0.007442576,0.010486399,0.009290649,0.003798569,0.011223324,0.17,0.85,0.28,1.66,28.35,3.73,0.68,41.62,,
200,-17.49044,-149.89176,5/24/2021,13:00,25.08498106,1.50282462,0.648541144,0.472758771,1.657000342,0.009335241,0.011828299,0.007870711,0.024475625,0.036822628,0.010570444,0.012265648,0.032744114,0.00972534,0.019657238,0.011612124,0.005630779,0.005759269,0.19,0.94,0.45,0.91,26.09,3.39,0.72,36.15,,
201,-17.58183,-149.78965,5/22/2021,15:30,34.34905356,1.596391413,0.768916004,0.474544407,1.598324612,0.010285992,0.012365171,0.007745701,0.037832974,0.043407802,0.018402315,0.020430063,0.037129545,0.011695815,0.02472223,0.015466265,0.004041854,0.020421729,0.17,0.85,0.13,0.37,28.83,3.82,0.66,43.69,,
202,-17.58791,-149.80488,5/26/2021,11:36,35.10159514,1.288831514,0.738240384,0.937139882,1.530796373,0.014047206,0.016005601,0.012418691,0.029598742,0.034982141,0.015136873,0.017290069,0.027646283,0.014921729,0.014063537,0.022762004,0.009254513,0.020479232,0.21,2.5,0.45,1.75,26.69,3.47,0.65,41.06,,
203,-17.50637,-149.91716,5/19/2021,14:19,43.81902512,1.296448666,0.732155303,0.554736815,1.702344088,0.023516075,0.024848581,0.019166652,0.041307133,0.037974858,0.026383092,0.051357099,0.039969916,0.022755296,0.094710798,0.024090048,0.014160637,0.017953849,0.16,2.84,0.54,1.64,28.41,3.69,0.7,40.75,,
204,-17.50963,-149.76818,5/21/2021,12:18,56.73421755,1.298138673,0.925946402,0.902932925,1.72463562,0.021742455,0.026021676,0.020045375,0.058454478,0.065132919,0.016182454,0.027102327,0.059976762,0.023284845,0.011455874,0.037153755,0.016878451,0.031436014,0.18,1.66,0.06,0.7,29.74,3.9,0.66,45.12,,
205,-17.55094,-149.78795,5/22/2021,16:21,48.09572933,1.203268164,0.687160685,0.914133944,1.542916547,0.018826395,0.020155132,0.016750324,0.037150231,0.04190125,0,0.025691159,0.036519605,0.019457942,0.031017233,0.02900368,0.012070478,0.023410033,0.26,11.2,0.39,0.96,28.11,3.65,0.85,33.07,,
206,-17.56594,-149.79259,5/22/2021,11:15,29.94968807,1.441383992,0.738820216,0.609787421,1.486593377,0.011871969,0.014157316,0.00982203,0.032003792,0.033914798,0.016116491,0.021917442,0.033084146,0.012671407,0.016126624,0.017595898,0.006169757,0.018383837,0.18,1.03,0.37,0.95,26.93,3.45,0.69,39.05,Water and Turbinaria only,
207,-17.57248,-149.79544,5/22/2021,13:21,25.04166277,1.765145551,0.735257047,0.448474547,1.71358804,0.008612645,0.011109899,0.006294041,0.022708321,0.03527513,0,0.038182097,0.025924977,0.009207547,0.018033903,0.011233233,0.004254221,0.01784956,0.19,1.11,0.43,1.76,26.4,3.3,0.85,31,No coral surveys,
208,-17.55015,-149.88495,5/20/2021,14:30,49.0057922,1.461555187,0.732537173,0.644898966,1.516684325,0.019320964,0.023147464,0.015837557,0.046067553,0.064403022,0,0.046732539,0.04558131,0.022139349,0.04769441,0.02726553,0.009686989,0.023152822,0.19,5.15,0.48,0.9,26.6,3.4,0.75,35.51,No benthic photos,
209,-17.5528,-149.88307,5/20/2021,14:10,32.30121534,1.793088101,0.58881709,0.417791008,1.634632014,0.010113519,0.012730741,0.007099897,0.024774768,0.04822716,0,0.023538015,0.032456988,0.01111893,0.029408973,0.013624513,0.003505386,0,0.14,1.05,0.34,0.92,26.63,3.33,0.81,33.08,No benthic photos,
210,-17.55789,-149.87744,5/20/2021,12:30,32.20882706,1.094150412,0.807761724,0.729704929,1.588055508,0.011375734,0.014508476,0.013260038,0.030090815,0.039749263,0,0.016237887,0.03108825,0.013688851,0.010535388,0.019302428,0.005978181,0.015055822,0.21,1.17,0.46,1.73,26.97,3.45,0.82,33.07,210 NEW; no video,
Cook's 1,-17.49718,-149.81805,5/25/2021,16:40,28.42727669,1.383778264,0.79098015,0.70050779,1.618262092,0.012453953,0.015384575,0.011117804,0.034723854,0.043396895,0.019399102,0.012175986,0.038292467,0.014719287,0.017729552,0.018944525,0.00685261,0.012630656,0.16,1.74,0.09,1.2,28.07,3.62,0.56,49.82,,
LTER 3 Back Reef,-17.5138,-149.76415,5/21/2021,14:05,18.98063094,1.614024803,0.821807505,0.408322202,1.617416538,0.007029037,0.009147658,0.005667607,0.025580531,0.033701449,0.015639702,0.009526092,0.02896958,0.008889037,0.025483123,0.010695052,0.002972784,0,0.15,0.69,0.06,0.43,27.74,3.67,0.59,47.23,,
LTER 3 Fringe Reef,-17.51305,-149.76688,5/21/2021,13:30,26.87412886,1.763910436,0.782717644,0.564967886,1.510499177,0.010111751,0.013397554,0.007595371,0.027312568,0.038786192,0.01525299,0.009078371,0.031416018,0.012328018,0.01879616,0.014318506,0.004274052,0.005095902,0.17,0.73,0.12,0.59,27.57,3.56,0.6,45.99,,
LTER 6 Fringe,-17.51553,-149.91452,5/19/2021,12:15,32.76170702,1.311247566,0.726831689,0.712995509,1.624256311,0.014161441,0.017036486,0.012992578,0.030102686,0.051219066,0.024221524,0.022216293,0.037128504,0.016172664,0.025735623,0.024033472,0.008488801,0.006327501,0.22,1.47,0.7,1.78,29.28,3.85,0.66,44.66,,
OPU 1,-17.50843,-149.85259,5/25/2021,14:31,40.63594317,1.332731426,0.820582957,0.437710488,1.605541569,0.015747465,0.018314923,0.013742396,0.062831714,0.068412879,0.011994685,0.032495294,0.071494223,0.017478821,0.041386725,0.020524685,0.008749816,0.018795806,0.19,2.11,0.25,1.08,29.24,3.69,0.7,41.63,,
OPU 2,-17.50654,-149.8576,5/25/2021,14:20,54.44195443,1.193208555,0.784990258,1.145937928,1.569215224,0.020041902,0.023978992,0.020096229,0.03243479,0.052554168,0.013578195,0.012640051,0.034459488,0.021922706,0.024655442,0.037261722,0.017637335,0.0136877,0.25,2.53,0.87,1.57,27.32,3.52,0.79,34.72,,
1061,,,,,9.410329651,2.330011185,0.897082175,0.187839066,1.875776655,0.00377926,0.00615143,0.002640086,0.019167967,0.028419773,0.043302995,0.024559313,0.018659191,0.005488297,0.039191363,0.005450097,7.10E-06,0,,,,,,,,,,
1062,,,,,49.41180257,1.126774694,0.652114113,1.602389249,1.604116186,0.023305344,0.025067418,0.022247055,0.021148146,0.031433289,0.033211702,0.004140344,0.024813539,0.024038826,0.029118595,0.044699222,0.017896949,0,,,,,,,,,,
1063,,,,,51.11615825,1.112789292,0.694667849,1.933005687,1.515198004,0.02647344,0.027344058,0.024572539,0.022142078,0.027702048,0.027346049,0.020913734,0.022847917,0.027154665,0.028319291,0.052861336,0.019144299,0.008715911,,,,,,,,,,
