UniqueID	Blank	Samplepath	Blank1	Blank2	abs
CBLANK1	Blank	C:\Users\Craig Nelson\Downloads\SGD_fDOM\SGD_fDOM\cabral\Group001Sample0001BEM.dat	C:\Users\Craig Nelson\Downloads\SGD_fDOM\SGD_fDOM\cabral\Group002Sample0001BEM.dat	C:\Users\Craig Nelson\Downloads\SGD_fDOM\SGD_fDOM\cabral\Group003Sample0001BEM.dat	C:\Users\Craig Nelson\Downloads\SGD_fDOM\SGD_fDOM\cabral\Group001Sample0001ABS.dat
C17_L_D_3_30_0700	Sample	C:\Users\Craig Nelson\Downloads\SGD_fDOM\SGD_fDOM\cabral\Group001Sample0001SEM.dat	C:\Users\Craig Nelson\Downloads\SGD_fDOM\SGD_fDOM\cabral\Group001Sample0001BEM.dat	C:\Users\Craig Nelson\Downloads\SGD_fDOM\SGD_fDOM\cabral\Group002Sample0001BEM.dat	C:\Users\Craig Nelson\Downloads\SGD_fDOM\SGD_fDOM\cabral\Group001Sample0001ABS.dat
C09_H_D_3_30_1300	Sample	C:\Users\Craig Nelson\Downloads\SGD_fDOM\SGD_fDOM\cabral\Group001Sample0002SEM.dat	C:\Users\Craig Nelson\Downloads\SGD_fDOM\SGD_fDOM\cabral\Group001Sample0001BEM.dat	C:\Users\Craig Nelson\Downloads\SGD_fDOM\SGD_fDOM\cabral\Group002Sample0001BEM.dat	C:\Users\Craig Nelson\Downloads\SGD_fDOM\SGD_fDOM\cabral\Group001Sample0002ABS.dat
C20_L_D_3_30_0700	Sample	C:\Users\Craig Nelson\Downloads\SGD_fDOM\SGD_fDOM\cabral\Group001Sample0003SEM.dat	C:\Users\Craig Nelson\Downloads\SGD_fDOM\SGD_fDOM\cabral\Group001Sample0001BEM.dat	C:\Users\Craig Nelson\Downloads\SGD_fDOM\SGD_fDOM\cabral\Group002Sample0001BEM.dat	C:\Users\Craig Nelson\Downloads\SGD_fDOM\SGD_fDOM\cabral\Group001Sample0003ABS.dat
C02_L_D_3_30_0700	Sample	C:\Users\Craig Nelson\Downloads\SGD_fDOM\SGD_fDOM\cabral\Group001Sample0004SEM.dat	C:\Users\Craig Nelson\Downloads\SGD_fDOM\SGD_fDOM\cabral\Group001Sample0001BEM.dat	C:\Users\Craig Nelson\Downloads\SGD_fDOM\SGD_fDOM\cabral\Group002Sample0001BEM.dat	C:\Users\Craig Nelson\Downloads\SGD_fDOM\SGD_fDOM\cabral\Group001Sample0004ABS.dat
C10_H_D_3_30_1300	Sample	C:\Users\Craig Nelson\Downloads\SGD_fDOM\SGD_fDOM\cabral\Group001Sample0005SEM.dat	C:\Users\Craig Nelson\Downloads\SGD_fDOM\SGD_fDOM\cabral\Group001Sample0001BEM.dat	C:\Users\Craig Nelson\Downloads\SGD_fDOM\SGD_fDOM\cabral\Group002Sample0001BEM.dat	C:\Users\Craig Nelson\Downloads\SGD_fDOM\SGD_fDOM\cabral\Group001Sample0005ABS.dat
C18_H_D_3_30_1300	Sample	C:\Users\Craig Nelson\Downloads\SGD_fDOM\SGD_fDOM\cabral\Group001Sample0006SEM.dat	C:\Users\Craig Nelson\Downloads\SGD_fDOM\SGD_fDOM\cabral\Group001Sample0001BEM.dat	C:\Users\Craig Nelson\Downloads\SGD_fDOM\SGD_fDOM\cabral\Group002Sample0001BEM.dat	C:\Users\Craig Nelson\Downloads\SGD_fDOM\SGD_fDOM\cabral\Group001Sample0006ABS.dat
C11_H_D_3_30_1300	Sample	C:\Users\Craig Nelson\Downloads\SGD_fDOM\SGD_fDOM\cabral\Group001Sample0007SEM.dat	C:\Users\Craig Nelson\Downloads\SGD_fDOM\SGD_fDOM\cabral\Group001Sample0001BEM.dat	C:\Users\Craig Nelson\Downloads\SGD_fDOM\SGD_fDOM\cabral\Group002Sample0001BEM.dat	C:\Users\Craig Nelson\Downloads\SGD_fDOM\SGD_fDOM\cabral\Group001Sample0007ABS.dat
CBLANK2	Blank	C:\Users\Craig Nelson\Downloads\SGD_fDOM\SGD_fDOM\cabral\Group002Sample0001BEM.dat	C:\Users\Craig Nelson\Downloads\SGD_fDOM\SGD_fDOM\cabral\Group003Sample0001BEM.dat	C:\Users\Craig Nelson\Downloads\SGD_fDOM\SGD_fDOM\cabral\Group004Sample0001BEM.dat	C:\Users\Craig Nelson\Downloads\SGD_fDOM\SGD_fDOM\cabral\Group002Sample0001ABS.dat
C03_L_D_3_30_0700	Sample	C:\Users\Craig Nelson\Downloads\SGD_fDOM\SGD_fDOM\cabral\Group002Sample0001SEM.dat	C:\Users\Craig Nelson\Downloads\SGD_fDOM\SGD_fDOM\cabral\Group002Sample0001BEM.dat	C:\Users\Craig Nelson\Downloads\SGD_fDOM\SGD_fDOM\cabral\Group003Sample0001BEM.dat	C:\Users\Craig Nelson\Downloads\SGD_fDOM\SGD_fDOM\cabral\Group002Sample0001ABS.dat
C04_L_D_3_30_0700	Sample	C:\Users\Craig Nelson\Downloads\SGD_fDOM\SGD_fDOM\cabral\Group002Sample0002SEM.dat	C:\Users\Craig Nelson\Downloads\SGD_fDOM\SGD_fDOM\cabral\Group002Sample0001BEM.dat	C:\Users\Craig Nelson\Downloads\SGD_fDOM\SGD_fDOM\cabral\Group003Sample0001BEM.dat	C:\Users\Craig Nelson\Downloads\SGD_fDOM\SGD_fDOM\cabral\Group002Sample0002ABS.dat
C_SeepD_3_30_1300	Sample	C:\Users\Craig Nelson\Downloads\SGD_fDOM\SGD_fDOM\cabral\Group002Sample0003SEM.dat	C:\Users\Craig Nelson\Downloads\SGD_fDOM\SGD_fDOM\cabral\Group002Sample0001BEM.dat	C:\Users\Craig Nelson\Downloads\SGD_fDOM\SGD_fDOM\cabral\Group003Sample0001BEM.dat	C:\Users\Craig Nelson\Downloads\SGD_fDOM\SGD_fDOM\cabral\Group002Sample0003ABS.dat
C_SeepB_3_30_0700	Sample	C:\Users\Craig Nelson\Downloads\SGD_fDOM\SGD_fDOM\cabral\Group002Sample0004SEM.dat	C:\Users\Craig Nelson\Downloads\SGD_fDOM\SGD_fDOM\cabral\Group002Sample0001BEM.dat	C:\Users\Craig Nelson\Downloads\SGD_fDOM\SGD_fDOM\cabral\Group003Sample0001BEM.dat	C:\Users\Craig Nelson\Downloads\SGD_fDOM\SGD_fDOM\cabral\Group002Sample0004ABS.dat
C17_H_D_3_30_1300	Sample	C:\Users\Craig Nelson\Downloads\SGD_fDOM\SGD_fDOM\cabral\Group002Sample0005SEM.dat	C:\Users\Craig Nelson\Downloads\SGD_fDOM\SGD_fDOM\cabral\Group002Sample0001BEM.dat	C:\Users\Craig Nelson\Downloads\SGD_fDOM\SGD_fDOM\cabral\Group003Sample0001BEM.dat	C:\Users\Craig Nelson\Downloads\SGD_fDOM\SGD_fDOM\cabral\Group002Sample0005ABS.dat
CPit_F_3_30_0700	Sample	C:\Users\Craig Nelson\Downloads\SGD_fDOM\SGD_fDOM\cabral\Group002Sample0006SEM.dat	C:\Users\Craig Nelson\Downloads\SGD_fDOM\SGD_fDOM\cabral\Group002Sample0001BEM.dat	C:\Users\Craig Nelson\Downloads\SGD_fDOM\SGD_fDOM\cabral\Group003Sample0001BEM.dat	C:\Users\Craig Nelson\Downloads\SGD_fDOM\SGD_fDOM\cabral\Group002Sample0006ABS.dat
C12_H_D_3_30_1300	Sample	C:\Users\Craig Nelson\Downloads\SGD_fDOM\SGD_fDOM\cabral\Group002Sample0007SEM.dat	C:\Users\Craig Nelson\Downloads\SGD_fDOM\SGD_fDOM\cabral\Group002Sample0001BEM.dat	C:\Users\Craig Nelson\Downloads\SGD_fDOM\SGD_fDOM\cabral\Group003Sample0001BEM.dat	C:\Users\Craig Nelson\Downloads\SGD_fDOM\SGD_fDOM\cabral\Group002Sample0007ABS.dat
CBLANK3	Blank	C:\Users\Craig Nelson\Downloads\SGD_fDOM\SGD_fDOM\cabral\Group003Sample0001BEM.dat	C:\Users\Craig Nelson\Downloads\SGD_fDOM\SGD_fDOM\cabral\Group002Sample0001BEM.dat	C:\Users\Craig Nelson\Downloads\SGD_fDOM\SGD_fDOM\cabral\Group003Sample0001BEM.dat	C:\Users\Craig Nelson\Downloads\SGD_fDOM\SGD_fDOM\cabral\Group003Sample0001ABS.dat
C16_H_N_3_31_0100	Sample	C:\Users\Craig Nelson\Downloads\SGD_fDOM\SGD_fDOM\cabral\Group003Sample0001SEM.dat	C:\Users\Craig Nelson\Downloads\SGD_fDOM\SGD_fDOM\cabral\Group003Sample0001BEM.dat	C:\Users\Craig Nelson\Downloads\SGD_fDOM\SGD_fDOM\cabral\Group004Sample0001BEM.dat	C:\Users\Craig Nelson\Downloads\SGD_fDOM\SGD_fDOM\cabral\Group003Sample0001ABS.dat
C05_H_D_3_30_1300	Sample	C:\Users\Craig Nelson\Downloads\SGD_fDOM\SGD_fDOM\cabral\Group003Sample0002SEM.dat	C:\Users\Craig Nelson\Downloads\SGD_fDOM\SGD_fDOM\cabral\Group003Sample0001BEM.dat	C:\Users\Craig Nelson\Downloads\SGD_fDOM\SGD_fDOM\cabral\Group004Sample0001BEM.dat	C:\Users\Craig Nelson\Downloads\SGD_fDOM\SGD_fDOM\cabral\Group003Sample0002ABS.dat
CPitBottom_B_3_30_1300	Sample	C:\Users\Craig Nelson\Downloads\SGD_fDOM\SGD_fDOM\cabral\Group003Sample0003SEM.dat	C:\Users\Craig Nelson\Downloads\SGD_fDOM\SGD_fDOM\cabral\Group003Sample0001BEM.dat	C:\Users\Craig Nelson\Downloads\SGD_fDOM\SGD_fDOM\cabral\Group004Sample0001BEM.dat	C:\Users\Craig Nelson\Downloads\SGD_fDOM\SGD_fDOM\cabral\Group003Sample0003ABS.dat
C08_L_D_3_30_0700	Sample	C:\Users\Craig Nelson\Downloads\SGD_fDOM\SGD_fDOM\cabral\Group003Sample0004SEM.dat	C:\Users\Craig Nelson\Downloads\SGD_fDOM\SGD_fDOM\cabral\Group003Sample0001BEM.dat	C:\Users\Craig Nelson\Downloads\SGD_fDOM\SGD_fDOM\cabral\Group004Sample0001BEM.dat	C:\Users\Craig Nelson\Downloads\SGD_fDOM\SGD_fDOM\cabral\Group003Sample0004ABS.dat
C14_L_D_3_30_0700	Sample	C:\Users\Craig Nelson\Downloads\SGD_fDOM\SGD_fDOM\cabral\Group003Sample0005SEM.dat	C:\Users\Craig Nelson\Downloads\SGD_fDOM\SGD_fDOM\cabral\Group003Sample0001BEM.dat	C:\Users\Craig Nelson\Downloads\SGD_fDOM\SGD_fDOM\cabral\Group004Sample0001BEM.dat	C:\Users\Craig Nelson\Downloads\SGD_fDOM\SGD_fDOM\cabral\Group003Sample0005ABS.dat
C13_L_D_3_30_0700	Sample	C:\Users\Craig Nelson\Downloads\SGD_fDOM\SGD_fDOM\cabral\Group003Sample0006SEM.dat	C:\Users\Craig Nelson\Downloads\SGD_fDOM\SGD_fDOM\cabral\Group003Sample0001BEM.dat	C:\Users\Craig Nelson\Downloads\SGD_fDOM\SGD_fDOM\cabral\Group004Sample0001BEM.dat	C:\Users\Craig Nelson\Downloads\SGD_fDOM\SGD_fDOM\cabral\Group003Sample0006ABS.dat
CReefcrest_C_3_29_1300	Sample	C:\Users\Craig Nelson\Downloads\SGD_fDOM\SGD_fDOM\cabral\Group003Sample0007SEM.dat	C:\Users\Craig Nelson\Downloads\SGD_fDOM\SGD_fDOM\cabral\Group003Sample0001BEM.dat	C:\Users\Craig Nelson\Downloads\SGD_fDOM\SGD_fDOM\cabral\Group004Sample0001BEM.dat	C:\Users\Craig Nelson\Downloads\SGD_fDOM\SGD_fDOM\cabral\Group003Sample0007ABS.dat
CBLANK4	Blank	C:\Users\Craig Nelson\Downloads\SGD_fDOM\SGD_fDOM\cabral\Group004Sample0001BEM.dat	C:\Users\Craig Nelson\Downloads\SGD_fDOM\SGD_fDOM\cabral\Group002Sample0001BEM.dat	C:\Users\Craig Nelson\Downloads\SGD_fDOM\SGD_fDOM\cabral\Group003Sample0001BEM.dat	C:\Users\Craig Nelson\Downloads\SGD_fDOM\SGD_fDOM\cabral\Group004Sample0001ABS.dat
C19_HD_3_30_1300	Sample	C:\Users\Craig Nelson\Downloads\SGD_fDOM\SGD_fDOM\cabral\Group004Sample0001SEM.dat	C:\Users\Craig Nelson\Downloads\SGD_fDOM\SGD_fDOM\cabral\Group004Sample0001BEM.dat	C:\Users\Craig Nelson\Downloads\SGD_fDOM\SGD_fDOM\cabral\Group005Sample0001BEM.dat	C:\Users\Craig Nelson\Downloads\SGD_fDOM\SGD_fDOM\cabral\Group004Sample0001ABS.dat
C04_H_D_3_30_1300	Sample	C:\Users\Craig Nelson\Downloads\SGD_fDOM\SGD_fDOM\cabral\Group004Sample0002SEM.dat	C:\Users\Craig Nelson\Downloads\SGD_fDOM\SGD_fDOM\cabral\Group004Sample0001BEM.dat	C:\Users\Craig Nelson\Downloads\SGD_fDOM\SGD_fDOM\cabral\Group005Sample0001BEM.dat	C:\Users\Craig Nelson\Downloads\SGD_fDOM\SGD_fDOM\cabral\Group004Sample0002ABS.dat
C06_H_D_3_30_1300	Sample	C:\Users\Craig Nelson\Downloads\SGD_fDOM\SGD_fDOM\cabral\Group004Sample0003SEM.dat	C:\Users\Craig Nelson\Downloads\SGD_fDOM\SGD_fDOM\cabral\Group004Sample0001BEM.dat	C:\Users\Craig Nelson\Downloads\SGD_fDOM\SGD_fDOM\cabral\Group005Sample0001BEM.dat	C:\Users\Craig Nelson\Downloads\SGD_fDOM\SGD_fDOM\cabral\Group004Sample0003ABS.dat
CPit_G_3_30_1300	Sample	C:\Users\Craig Nelson\Downloads\SGD_fDOM\SGD_fDOM\cabral\Group004Sample0004SEM.dat	C:\Users\Craig Nelson\Downloads\SGD_fDOM\SGD_fDOM\cabral\Group004Sample0001BEM.dat	C:\Users\Craig Nelson\Downloads\SGD_fDOM\SGD_fDOM\cabral\Group005Sample0001BEM.dat	C:\Users\Craig Nelson\Downloads\SGD_fDOM\SGD_fDOM\cabral\Group004Sample0004ABS.dat
CPit_E_3_29_1900	Sample	C:\Users\Craig Nelson\Downloads\SGD_fDOM\SGD_fDOM\cabral\Group004Sample0005SEM.dat	C:\Users\Craig Nelson\Downloads\SGD_fDOM\SGD_fDOM\cabral\Group004Sample0001BEM.dat	C:\Users\Craig Nelson\Downloads\SGD_fDOM\SGD_fDOM\cabral\Group005Sample0001BEM.dat	C:\Users\Craig Nelson\Downloads\SGD_fDOM\SGD_fDOM\cabral\Group004Sample0005ABS.dat
C01_L_D_3_30_0700	Sample	C:\Users\Craig Nelson\Downloads\SGD_fDOM\SGD_fDOM\cabral\Group004Sample0006SEM.dat	C:\Users\Craig Nelson\Downloads\SGD_fDOM\SGD_fDOM\cabral\Group004Sample0001BEM.dat	C:\Users\Craig Nelson\Downloads\SGD_fDOM\SGD_fDOM\cabral\Group005Sample0001BEM.dat	C:\Users\Craig Nelson\Downloads\SGD_fDOM\SGD_fDOM\cabral\Group004Sample0006ABS.dat
C16_H_D_3_30_1300	Sample	C:\Users\Craig Nelson\Downloads\SGD_fDOM\SGD_fDOM\cabral\Group004Sample0007SEM.dat	C:\Users\Craig Nelson\Downloads\SGD_fDOM\SGD_fDOM\cabral\Group004Sample0001BEM.dat	C:\Users\Craig Nelson\Downloads\SGD_fDOM\SGD_fDOM\cabral\Group005Sample0001BEM.dat	C:\Users\Craig Nelson\Downloads\SGD_fDOM\SGD_fDOM\cabral\Group004Sample0007ABS.dat
CBLANK5	Blank	C:\Users\Craig Nelson\Downloads\SGD_fDOM\SGD_fDOM\cabral\Group005Sample0001BEM.dat	C:\Users\Craig Nelson\Downloads\SGD_fDOM\SGD_fDOM\cabral\Group002Sample0001BEM.dat	C:\Users\Craig Nelson\Downloads\SGD_fDOM\SGD_fDOM\cabral\Group003Sample0001BEM.dat	C:\Users\Craig Nelson\Downloads\SGD_fDOM\SGD_fDOM\cabral\Group005Sample0001ABS.dat
C14_H_D_3_30_1300	Sample	C:\Users\Craig Nelson\Downloads\SGD_fDOM\SGD_fDOM\cabral\Group005Sample0001SEM.dat	C:\Users\Craig Nelson\Downloads\SGD_fDOM\SGD_fDOM\cabral\Group005Sample0001BEM.dat	C:\Users\Craig Nelson\Downloads\SGD_fDOM\SGD_fDOM\cabral\Group006Sample0001BEM.dat	C:\Users\Craig Nelson\Downloads\SGD_fDOM\SGD_fDOM\cabral\Group005Sample0001ABS.dat
C06_L_D_3_30_0700	Sample	C:\Users\Craig Nelson\Downloads\SGD_fDOM\SGD_fDOM\cabral\Group005Sample0002SEM.dat	C:\Users\Craig Nelson\Downloads\SGD_fDOM\SGD_fDOM\cabral\Group005Sample0001BEM.dat	C:\Users\Craig Nelson\Downloads\SGD_fDOM\SGD_fDOM\cabral\Group006Sample0001BEM.dat	C:\Users\Craig Nelson\Downloads\SGD_fDOM\SGD_fDOM\cabral\Group005Sample0002ABS.dat
CPit_D_3_30_0100	Sample	C:\Users\Craig Nelson\Downloads\SGD_fDOM\SGD_fDOM\cabral\Group005Sample0003SEM.dat	C:\Users\Craig Nelson\Downloads\SGD_fDOM\SGD_fDOM\cabral\Group005Sample0001BEM.dat	C:\Users\Craig Nelson\Downloads\SGD_fDOM\SGD_fDOM\cabral\Group006Sample0001BEM.dat	C:\Users\Craig Nelson\Downloads\SGD_fDOM\SGD_fDOM\cabral\Group005Sample0003ABS.dat
C_SeepC_3_30_1000	Sample	C:\Users\Craig Nelson\Downloads\SGD_fDOM\SGD_fDOM\cabral\Group005Sample0004SEM.dat	C:\Users\Craig Nelson\Downloads\SGD_fDOM\SGD_fDOM\cabral\Group005Sample0001BEM.dat	C:\Users\Craig Nelson\Downloads\SGD_fDOM\SGD_fDOM\cabral\Group006Sample0001BEM.dat	C:\Users\Craig Nelson\Downloads\SGD_fDOM\SGD_fDOM\cabral\Group005Sample0004ABS.dat
CPit_C_3_29_1300	Sample	C:\Users\Craig Nelson\Downloads\SGD_fDOM\SGD_fDOM\cabral\Group005Sample0005SEM.dat	C:\Users\Craig Nelson\Downloads\SGD_fDOM\SGD_fDOM\cabral\Group005Sample0001BEM.dat	C:\Users\Craig Nelson\Downloads\SGD_fDOM\SGD_fDOM\cabral\Group006Sample0001BEM.dat	C:\Users\Craig Nelson\Downloads\SGD_fDOM\SGD_fDOM\cabral\Group005Sample0005ABS.dat
C18_L_D_3_30_0700	Sample	C:\Users\Craig Nelson\Downloads\SGD_fDOM\SGD_fDOM\cabral\Group005Sample0006SEM.dat	C:\Users\Craig Nelson\Downloads\SGD_fDOM\SGD_fDOM\cabral\Group005Sample0001BEM.dat	C:\Users\Craig Nelson\Downloads\SGD_fDOM\SGD_fDOM\cabral\Group006Sample0001BEM.dat	C:\Users\Craig Nelson\Downloads\SGD_fDOM\SGD_fDOM\cabral\Group005Sample0006ABS.dat
C12_L_D_3_30_0700	Sample	C:\Users\Craig Nelson\Downloads\SGD_fDOM\SGD_fDOM\cabral\Group005Sample0007SEM.dat	C:\Users\Craig Nelson\Downloads\SGD_fDOM\SGD_fDOM\cabral\Group005Sample0001BEM.dat	C:\Users\Craig Nelson\Downloads\SGD_fDOM\SGD_fDOM\cabral\Group006Sample0001BEM.dat	C:\Users\Craig Nelson\Downloads\SGD_fDOM\SGD_fDOM\cabral\Group005Sample0007ABS.dat
CBLANK6	Blank	C:\Users\Craig Nelson\Downloads\SGD_fDOM\SGD_fDOM\cabral\Group006Sample0001BEM.dat	C:\Users\Craig Nelson\Downloads\SGD_fDOM\SGD_fDOM\cabral\Group002Sample0001BEM.dat	C:\Users\Craig Nelson\Downloads\SGD_fDOM\SGD_fDOM\cabral\Group003Sample0001BEM.dat	C:\Users\Craig Nelson\Downloads\SGD_fDOM\SGD_fDOM\cabral\Group006Sample0001ABS.dat
C08_H_D_3_30_1300	Sample	C:\Users\Craig Nelson\Downloads\SGD_fDOM\SGD_fDOM\cabral\Group006Sample0001SEM.dat	C:\Users\Craig Nelson\Downloads\SGD_fDOM\SGD_fDOM\cabral\Group006Sample0001BEM.dat	C:\Users\Craig Nelson\Downloads\SGD_fDOM\SGD_fDOM\cabral\Group007Sample0001BEM.dat	C:\Users\Craig Nelson\Downloads\SGD_fDOM\SGD_fDOM\cabral\Group006Sample0001ABS.dat
CPitBottom_A_3_29_1500	Sample	C:\Users\Craig Nelson\Downloads\SGD_fDOM\SGD_fDOM\cabral\Group006Sample0002SEM.dat	C:\Users\Craig Nelson\Downloads\SGD_fDOM\SGD_fDOM\cabral\Group006Sample0001BEM.dat	C:\Users\Craig Nelson\Downloads\SGD_fDOM\SGD_fDOM\cabral\Group007Sample0001BEM.dat	C:\Users\Craig Nelson\Downloads\SGD_fDOM\SGD_fDOM\cabral\Group006Sample0002ABS.dat
C10_L_D_3_30_0700	Sample	C:\Users\Craig Nelson\Downloads\SGD_fDOM\SGD_fDOM\cabral\Group006Sample0003SEM.dat	C:\Users\Craig Nelson\Downloads\SGD_fDOM\SGD_fDOM\cabral\Group006Sample0001BEM.dat	C:\Users\Craig Nelson\Downloads\SGD_fDOM\SGD_fDOM\cabral\Group007Sample0001BEM.dat	C:\Users\Craig Nelson\Downloads\SGD_fDOM\SGD_fDOM\cabral\Group006Sample0003ABS.dat
CReefcrest_E_3_30_1300	Sample	C:\Users\Craig Nelson\Downloads\SGD_fDOM\SGD_fDOM\cabral\Group006Sample0004SEM.dat	C:\Users\Craig Nelson\Downloads\SGD_fDOM\SGD_fDOM\cabral\Group006Sample0001BEM.dat	C:\Users\Craig Nelson\Downloads\SGD_fDOM\SGD_fDOM\cabral\Group007Sample0001BEM.dat	C:\Users\Craig Nelson\Downloads\SGD_fDOM\SGD_fDOM\cabral\Group006Sample0004ABS.dat
Creefcrest_H_3_31_0700	Sample	C:\Users\Craig Nelson\Downloads\SGD_fDOM\SGD_fDOM\cabral\Group006Sample0005SEM.dat	C:\Users\Craig Nelson\Downloads\SGD_fDOM\SGD_fDOM\cabral\Group006Sample0001BEM.dat	C:\Users\Craig Nelson\Downloads\SGD_fDOM\SGD_fDOM\cabral\Group007Sample0001BEM.dat	C:\Users\Craig Nelson\Downloads\SGD_fDOM\SGD_fDOM\cabral\Group006Sample0005ABS.dat
CPit_J_3_31_0700	Sample	C:\Users\Craig Nelson\Downloads\SGD_fDOM\SGD_fDOM\cabral\Group006Sample0006SEM.dat	C:\Users\Craig Nelson\Downloads\SGD_fDOM\SGD_fDOM\cabral\Group006Sample0001BEM.dat	C:\Users\Craig Nelson\Downloads\SGD_fDOM\SGD_fDOM\cabral\Group007Sample0001BEM.dat	C:\Users\Craig Nelson\Downloads\SGD_fDOM\SGD_fDOM\cabral\Group006Sample0006ABS.dat
CSpringRoad_3_30_1600	Sample	C:\Users\Craig Nelson\Downloads\SGD_fDOM\SGD_fDOM\cabral\Group006Sample0007SEM.dat	C:\Users\Craig Nelson\Downloads\SGD_fDOM\SGD_fDOM\cabral\Group006Sample0001BEM.dat	C:\Users\Craig Nelson\Downloads\SGD_fDOM\SGD_fDOM\cabral\Group007Sample0001BEM.dat	C:\Users\Craig Nelson\Downloads\SGD_fDOM\SGD_fDOM\cabral\Group006Sample0007ABS.dat
CBLANK7	Blank	C:\Users\Craig Nelson\Downloads\SGD_fDOM\SGD_fDOM\cabral\Group007Sample0001BEM.dat	C:\Users\Craig Nelson\Downloads\SGD_fDOM\SGD_fDOM\cabral\Group002Sample0001BEM.dat	C:\Users\Craig Nelson\Downloads\SGD_fDOM\SGD_fDOM\cabral\Group003Sample0001BEM.dat	C:\Users\Craig Nelson\Downloads\SGD_fDOM\SGD_fDOM\cabral\Group007Sample0001ABS.dat
CReefcrest_D_3_30_0100	Sample	C:\Users\Craig Nelson\Downloads\SGD_fDOM\SGD_fDOM\cabral\Group007Sample0001SEM.dat	C:\Users\Craig Nelson\Downloads\SGD_fDOM\SGD_fDOM\cabral\Group007Sample0001BEM.dat	C:\Users\Craig Nelson\Downloads\SGD_fDOM\SGD_fDOM\cabral\Group008Sample0001BEM.dat	C:\Users\Craig Nelson\Downloads\SGD_fDOM\SGD_fDOM\cabral\Group007Sample0001ABS.dat
CSpringBeach_3_30_1800	Sample	C:\Users\Craig Nelson\Downloads\SGD_fDOM\SGD_fDOM\cabral\Group007Sample0002SEM.dat	C:\Users\Craig Nelson\Downloads\SGD_fDOM\SGD_fDOM\cabral\Group007Sample0001BEM.dat	C:\Users\Craig Nelson\Downloads\SGD_fDOM\SGD_fDOM\cabral\Group008Sample0001BEM.dat	C:\Users\Craig Nelson\Downloads\SGD_fDOM\SGD_fDOM\cabral\Group007Sample0002ABS.dat
CReefcrest_F_3_30_1900	Sample	C:\Users\Craig Nelson\Downloads\SGD_fDOM\SGD_fDOM\cabral\Group007Sample0003SEM.dat	C:\Users\Craig Nelson\Downloads\SGD_fDOM\SGD_fDOM\cabral\Group007Sample0001BEM.dat	C:\Users\Craig Nelson\Downloads\SGD_fDOM\SGD_fDOM\cabral\Group008Sample0001BEM.dat	C:\Users\Craig Nelson\Downloads\SGD_fDOM\SGD_fDOM\cabral\Group007Sample0003ABS.dat
CPitBottom_D_3_31_0700	Sample	C:\Users\Craig Nelson\Downloads\SGD_fDOM\SGD_fDOM\cabral\Group007Sample0004SEM.dat	C:\Users\Craig Nelson\Downloads\SGD_fDOM\SGD_fDOM\cabral\Group007Sample0001BEM.dat	C:\Users\Craig Nelson\Downloads\SGD_fDOM\SGD_fDOM\cabral\Group008Sample0001BEM.dat	C:\Users\Craig Nelson\Downloads\SGD_fDOM\SGD_fDOM\cabral\Group007Sample0004ABS.dat
C01_H_N_3_31_0100	Sample	C:\Users\Craig Nelson\Downloads\SGD_fDOM\SGD_fDOM\cabral\Group007Sample0005SEM.dat	C:\Users\Craig Nelson\Downloads\SGD_fDOM\SGD_fDOM\cabral\Group007Sample0001BEM.dat	C:\Users\Craig Nelson\Downloads\SGD_fDOM\SGD_fDOM\cabral\Group008Sample0001BEM.dat	C:\Users\Craig Nelson\Downloads\SGD_fDOM\SGD_fDOM\cabral\Group007Sample0005ABS.dat
CReefcrest_G_3_31_0100	Sample	C:\Users\Craig Nelson\Downloads\SGD_fDOM\SGD_fDOM\cabral\Group007Sample0006SEM.dat	C:\Users\Craig Nelson\Downloads\SGD_fDOM\SGD_fDOM\cabral\Group007Sample0001BEM.dat	C:\Users\Craig Nelson\Downloads\SGD_fDOM\SGD_fDOM\cabral\Group008Sample0001BEM.dat	C:\Users\Craig Nelson\Downloads\SGD_fDOM\SGD_fDOM\cabral\Group007Sample0006ABS.dat
CReefcrest_A_3_19_0100	Sample	C:\Users\Craig Nelson\Downloads\SGD_fDOM\SGD_fDOM\cabral\Group007Sample0007SEM.dat	C:\Users\Craig Nelson\Downloads\SGD_fDOM\SGD_fDOM\cabral\Group007Sample0001BEM.dat	C:\Users\Craig Nelson\Downloads\SGD_fDOM\SGD_fDOM\cabral\Group008Sample0001BEM.dat	C:\Users\Craig Nelson\Downloads\SGD_fDOM\SGD_fDOM\cabral\Group007Sample0007ABS.dat
CBLANK8	Blank	C:\Users\Craig Nelson\Downloads\SGD_fDOM\SGD_fDOM\cabral\Group008Sample0001BEM.dat	C:\Users\Craig Nelson\Downloads\SGD_fDOM\SGD_fDOM\cabral\Group002Sample0001BEM.dat	C:\Users\Craig Nelson\Downloads\SGD_fDOM\SGD_fDOM\cabral\Group003Sample0001BEM.dat	C:\Users\Craig Nelson\Downloads\SGD_fDOM\SGD_fDOM\cabral\Group008Sample0001ABS.dat
C20_L_N_3_30_1900	Sample	C:\Users\Craig Nelson\Downloads\SGD_fDOM\SGD_fDOM\cabral\Group008Sample0001SEM.dat	C:\Users\Craig Nelson\Downloads\SGD_fDOM\SGD_fDOM\cabral\Group008Sample0001BEM.dat	C:\Users\Craig Nelson\Downloads\SGD_fDOM\SGD_fDOM\cabral\Group009Sample0001BEM.dat	C:\Users\Craig Nelson\Downloads\SGD_fDOM\SGD_fDOM\cabral\Group008Sample0001ABS.dat
CPitBottom_C_3_30_1900	Sample	C:\Users\Craig Nelson\Downloads\SGD_fDOM\SGD_fDOM\cabral\Group008Sample0002SEM.dat	C:\Users\Craig Nelson\Downloads\SGD_fDOM\SGD_fDOM\cabral\Group008Sample0001BEM.dat	C:\Users\Craig Nelson\Downloads\SGD_fDOM\SGD_fDOM\cabral\Group009Sample0001BEM.dat	C:\Users\Craig Nelson\Downloads\SGD_fDOM\SGD_fDOM\cabral\Group008Sample0002ABS.dat
C15_L_D_3_30_0700	Sample	C:\Users\Craig Nelson\Downloads\SGD_fDOM\SGD_fDOM\cabral\Group008Sample0003SEM.dat	C:\Users\Craig Nelson\Downloads\SGD_fDOM\SGD_fDOM\cabral\Group008Sample0001BEM.dat	C:\Users\Craig Nelson\Downloads\SGD_fDOM\SGD_fDOM\cabral\Group009Sample0001BEM.dat	C:\Users\Craig Nelson\Downloads\SGD_fDOM\SGD_fDOM\cabral\Group008Sample0003ABS.dat
C13_H_D_3_30_1300	Sample	C:\Users\Craig Nelson\Downloads\SGD_fDOM\SGD_fDOM\cabral\Group008Sample0004SEM.dat	C:\Users\Craig Nelson\Downloads\SGD_fDOM\SGD_fDOM\cabral\Group008Sample0001BEM.dat	C:\Users\Craig Nelson\Downloads\SGD_fDOM\SGD_fDOM\cabral\Group009Sample0001BEM.dat	C:\Users\Craig Nelson\Downloads\SGD_fDOM\SGD_fDOM\cabral\Group008Sample0004ABS.dat
C19_L_D_3_30_0700	Sample	C:\Users\Craig Nelson\Downloads\SGD_fDOM\SGD_fDOM\cabral\Group008Sample0005SEM.dat	C:\Users\Craig Nelson\Downloads\SGD_fDOM\SGD_fDOM\cabral\Group008Sample0001BEM.dat	C:\Users\Craig Nelson\Downloads\SGD_fDOM\SGD_fDOM\cabral\Group009Sample0001BEM.dat	C:\Users\Craig Nelson\Downloads\SGD_fDOM\SGD_fDOM\cabral\Group008Sample0005ABS.dat
C03_H_D_3_30_1300	Sample	C:\Users\Craig Nelson\Downloads\SGD_fDOM\SGD_fDOM\cabral\Group008Sample0006SEM.dat	C:\Users\Craig Nelson\Downloads\SGD_fDOM\SGD_fDOM\cabral\Group008Sample0001BEM.dat	C:\Users\Craig Nelson\Downloads\SGD_fDOM\SGD_fDOM\cabral\Group009Sample0001BEM.dat	C:\Users\Craig Nelson\Downloads\SGD_fDOM\SGD_fDOM\cabral\Group008Sample0006ABS.dat
C07_H_D_3_30_1300	Sample	C:\Users\Craig Nelson\Downloads\SGD_fDOM\SGD_fDOM\cabral\Group008Sample0007SEM.dat	C:\Users\Craig Nelson\Downloads\SGD_fDOM\SGD_fDOM\cabral\Group008Sample0001BEM.dat	C:\Users\Craig Nelson\Downloads\SGD_fDOM\SGD_fDOM\cabral\Group009Sample0001BEM.dat	C:\Users\Craig Nelson\Downloads\SGD_fDOM\SGD_fDOM\cabral\Group008Sample0007ABS.dat
CBLANK9	Blank	C:\Users\Craig Nelson\Downloads\SGD_fDOM\SGD_fDOM\cabral\Group009Sample0001BEM.dat	C:\Users\Craig Nelson\Downloads\SGD_fDOM\SGD_fDOM\cabral\Group002Sample0001BEM.dat	C:\Users\Craig Nelson\Downloads\SGD_fDOM\SGD_fDOM\cabral\Group003Sample0001BEM.dat	C:\Users\Craig Nelson\Downloads\SGD_fDOM\SGD_fDOM\cabral\Group009Sample0001ABS.dat
C_SeepE_3_30_1600	Sample	C:\Users\Craig Nelson\Downloads\SGD_fDOM\SGD_fDOM\cabral\Group009Sample0001SEM.dat	C:\Users\Craig Nelson\Downloads\SGD_fDOM\SGD_fDOM\cabral\Group009Sample0001BEM.dat	C:\Users\Craig Nelson\Downloads\SGD_fDOM\SGD_fDOM\cabral\Group010Sample0001BEM.dat	C:\Users\Craig Nelson\Downloads\SGD_fDOM\SGD_fDOM\cabral\Group009Sample0001ABS.dat
C01_H_D_3_30_1300	Sample	C:\Users\Craig Nelson\Downloads\SGD_fDOM\SGD_fDOM\cabral\Group009Sample0002SEM.dat	C:\Users\Craig Nelson\Downloads\SGD_fDOM\SGD_fDOM\cabral\Group009Sample0001BEM.dat	C:\Users\Craig Nelson\Downloads\SGD_fDOM\SGD_fDOM\cabral\Group010Sample0001BEM.dat	C:\Users\Craig Nelson\Downloads\SGD_fDOM\SGD_fDOM\cabral\Group009Sample0002ABS.dat
C10_H_N_3_31_0100	Sample	C:\Users\Craig Nelson\Downloads\SGD_fDOM\SGD_fDOM\cabral\Group009Sample0003SEM.dat	C:\Users\Craig Nelson\Downloads\SGD_fDOM\SGD_fDOM\cabral\Group009Sample0001BEM.dat	C:\Users\Craig Nelson\Downloads\SGD_fDOM\SGD_fDOM\cabral\Group010Sample0001BEM.dat	C:\Users\Craig Nelson\Downloads\SGD_fDOM\SGD_fDOM\cabral\Group009Sample0003ABS.dat
C15_H_N_3_31_0100	Sample	C:\Users\Craig Nelson\Downloads\SGD_fDOM\SGD_fDOM\cabral\Group009Sample0004SEM.dat	C:\Users\Craig Nelson\Downloads\SGD_fDOM\SGD_fDOM\cabral\Group009Sample0001BEM.dat	C:\Users\Craig Nelson\Downloads\SGD_fDOM\SGD_fDOM\cabral\Group010Sample0001BEM.dat	C:\Users\Craig Nelson\Downloads\SGD_fDOM\SGD_fDOM\cabral\Group009Sample0004ABS.dat
C_SeepG_3_30_1000	Sample	C:\Users\Craig Nelson\Downloads\SGD_fDOM\SGD_fDOM\cabral\Group009Sample0005SEM.dat	C:\Users\Craig Nelson\Downloads\SGD_fDOM\SGD_fDOM\cabral\Group009Sample0001BEM.dat	C:\Users\Craig Nelson\Downloads\SGD_fDOM\SGD_fDOM\cabral\Group010Sample0001BEM.dat	C:\Users\Craig Nelson\Downloads\SGD_fDOM\SGD_fDOM\cabral\Group009Sample0005ABS.dat
C17_H_N_3_31_0100	Sample	C:\Users\Craig Nelson\Downloads\SGD_fDOM\SGD_fDOM\cabral\Group009Sample0006SEM.dat	C:\Users\Craig Nelson\Downloads\SGD_fDOM\SGD_fDOM\cabral\Group009Sample0001BEM.dat	C:\Users\Craig Nelson\Downloads\SGD_fDOM\SGD_fDOM\cabral\Group010Sample0001BEM.dat	C:\Users\Craig Nelson\Downloads\SGD_fDOM\SGD_fDOM\cabral\Group009Sample0006ABS.dat
C12_L_N_3_30_1900	Sample	C:\Users\Craig Nelson\Downloads\SGD_fDOM\SGD_fDOM\cabral\Group009Sample0007SEM.dat	C:\Users\Craig Nelson\Downloads\SGD_fDOM\SGD_fDOM\cabral\Group009Sample0001BEM.dat	C:\Users\Craig Nelson\Downloads\SGD_fDOM\SGD_fDOM\cabral\Group010Sample0001BEM.dat	C:\Users\Craig Nelson\Downloads\SGD_fDOM\SGD_fDOM\cabral\Group009Sample0007ABS.dat
CBLANK10	Blank	C:\Users\Craig Nelson\Downloads\SGD_fDOM\SGD_fDOM\cabral\Group010Sample0001BEM.dat	C:\Users\Craig Nelson\Downloads\SGD_fDOM\SGD_fDOM\cabral\Group002Sample0001BEM.dat	C:\Users\Craig Nelson\Downloads\SGD_fDOM\SGD_fDOM\cabral\Group003Sample0001BEM.dat	C:\Users\Craig Nelson\Downloads\SGD_fDOM\SGD_fDOM\cabral\Group010Sample0001ABS.dat
C16_L_D_3_30_0700	Sample	C:\Users\Craig Nelson\Downloads\SGD_fDOM\SGD_fDOM\cabral\Group010Sample0001SEM.dat	C:\Users\Craig Nelson\Downloads\SGD_fDOM\SGD_fDOM\cabral\Group010Sample0001BEM.dat	C:\Users\Craig Nelson\Downloads\SGD_fDOM\SGD_fDOM\cabral\Group011Sample0001BEM.dat	C:\Users\Craig Nelson\Downloads\SGD_fDOM\SGD_fDOM\cabral\Group010Sample0001ABS.dat
CSpringBeach_3_31_22	Sample	C:\Users\Craig Nelson\Downloads\SGD_fDOM\SGD_fDOM\cabral\Group010Sample0002SEM.dat	C:\Users\Craig Nelson\Downloads\SGD_fDOM\SGD_fDOM\cabral\Group010Sample0001BEM.dat	C:\Users\Craig Nelson\Downloads\SGD_fDOM\SGD_fDOM\cabral\Group011Sample0001BEM.dat	C:\Users\Craig Nelson\Downloads\SGD_fDOM\SGD_fDOM\cabral\Group010Sample0002ABS.dat
CPit_H_3_30_1900	Sample	C:\Users\Craig Nelson\Downloads\SGD_fDOM\SGD_fDOM\cabral\Group010Sample0003SEM.dat	C:\Users\Craig Nelson\Downloads\SGD_fDOM\SGD_fDOM\cabral\Group010Sample0001BEM.dat	C:\Users\Craig Nelson\Downloads\SGD_fDOM\SGD_fDOM\cabral\Group011Sample0001BEM.dat	C:\Users\Craig Nelson\Downloads\SGD_fDOM\SGD_fDOM\cabral\Group010Sample0003ABS.dat
CReefcrest_B_3_29_0700	Sample	C:\Users\Craig Nelson\Downloads\SGD_fDOM\SGD_fDOM\cabral\Group010Sample0004SEM.dat	C:\Users\Craig Nelson\Downloads\SGD_fDOM\SGD_fDOM\cabral\Group010Sample0001BEM.dat	C:\Users\Craig Nelson\Downloads\SGD_fDOM\SGD_fDOM\cabral\Group011Sample0001BEM.dat	C:\Users\Craig Nelson\Downloads\SGD_fDOM\SGD_fDOM\cabral\Group010Sample0004ABS.dat
C15_L_N_3_30_1900	Sample	C:\Users\Craig Nelson\Downloads\SGD_fDOM\SGD_fDOM\cabral\Group010Sample0005SEM.dat	C:\Users\Craig Nelson\Downloads\SGD_fDOM\SGD_fDOM\cabral\Group010Sample0001BEM.dat	C:\Users\Craig Nelson\Downloads\SGD_fDOM\SGD_fDOM\cabral\Group011Sample0001BEM.dat	C:\Users\Craig Nelson\Downloads\SGD_fDOM\SGD_fDOM\cabral\Group010Sample0005ABS.dat
C09_H_N_3_31_0100	Sample	C:\Users\Craig Nelson\Downloads\SGD_fDOM\SGD_fDOM\cabral\Group010Sample0006SEM.dat	C:\Users\Craig Nelson\Downloads\SGD_fDOM\SGD_fDOM\cabral\Group010Sample0001BEM.dat	C:\Users\Craig Nelson\Downloads\SGD_fDOM\SGD_fDOM\cabral\Group011Sample0001BEM.dat	C:\Users\Craig Nelson\Downloads\SGD_fDOM\SGD_fDOM\cabral\Group010Sample0006ABS.dat
C02_H_D_3_30_1300	Sample	C:\Users\Craig Nelson\Downloads\SGD_fDOM\SGD_fDOM\cabral\Group010Sample0007SEM.dat	C:\Users\Craig Nelson\Downloads\SGD_fDOM\SGD_fDOM\cabral\Group010Sample0001BEM.dat	C:\Users\Craig Nelson\Downloads\SGD_fDOM\SGD_fDOM\cabral\Group011Sample0001BEM.dat	C:\Users\Craig Nelson\Downloads\SGD_fDOM\SGD_fDOM\cabral\Group010Sample0007ABS.dat
CBLANK11	Blank	C:\Users\Craig Nelson\Downloads\SGD_fDOM\SGD_fDOM\cabral\Group011Sample0001BEM.dat	C:\Users\Craig Nelson\Downloads\SGD_fDOM\SGD_fDOM\cabral\Group002Sample0001BEM.dat	C:\Users\Craig Nelson\Downloads\SGD_fDOM\SGD_fDOM\cabral\Group003Sample0001BEM.dat	C:\Users\Craig Nelson\Downloads\SGD_fDOM\SGD_fDOM\cabral\Group011Sample0001ABS.dat
C_SeepA_3_30_0400	Sample	C:\Users\Craig Nelson\Downloads\SGD_fDOM\SGD_fDOM\cabral\Group011Sample0001SEM.dat	C:\Users\Craig Nelson\Downloads\SGD_fDOM\SGD_fDOM\cabral\Group011Sample0001BEM.dat	C:\Users\Craig Nelson\Downloads\SGD_fDOM\SGD_fDOM\cabral\Group012Sample0001BEM.dat	C:\Users\Craig Nelson\Downloads\SGD_fDOM\SGD_fDOM\cabral\Group011Sample0001ABS.dat
C13_H_N_3_31_0100	Sample	C:\Users\Craig Nelson\Downloads\SGD_fDOM\SGD_fDOM\cabral\Group011Sample0002SEM.dat	C:\Users\Craig Nelson\Downloads\SGD_fDOM\SGD_fDOM\cabral\Group011Sample0001BEM.dat	C:\Users\Craig Nelson\Downloads\SGD_fDOM\SGD_fDOM\cabral\Group012Sample0001BEM.dat	C:\Users\Craig Nelson\Downloads\SGD_fDOM\SGD_fDOM\cabral\Group011Sample0002ABS.dat
C03_L_N_3_30_1900	Sample	C:\Users\Craig Nelson\Downloads\SGD_fDOM\SGD_fDOM\cabral\Group011Sample0003SEM.dat	C:\Users\Craig Nelson\Downloads\SGD_fDOM\SGD_fDOM\cabral\Group011Sample0001BEM.dat	C:\Users\Craig Nelson\Downloads\SGD_fDOM\SGD_fDOM\cabral\Group012Sample0001BEM.dat	C:\Users\Craig Nelson\Downloads\SGD_fDOM\SGD_fDOM\cabral\Group011Sample0003ABS.dat
C09_L_D_3_30_0700	Sample	C:\Users\Craig Nelson\Downloads\SGD_fDOM\SGD_fDOM\cabral\Group011Sample0004SEM.dat	C:\Users\Craig Nelson\Downloads\SGD_fDOM\SGD_fDOM\cabral\Group011Sample0001BEM.dat	C:\Users\Craig Nelson\Downloads\SGD_fDOM\SGD_fDOM\cabral\Group012Sample0001BEM.dat	C:\Users\Craig Nelson\Downloads\SGD_fDOM\SGD_fDOM\cabral\Group011Sample0004ABS.dat
C15_H_D_3_30_1300	Sample	C:\Users\Craig Nelson\Downloads\SGD_fDOM\SGD_fDOM\cabral\Group011Sample0005SEM.dat	C:\Users\Craig Nelson\Downloads\SGD_fDOM\SGD_fDOM\cabral\Group011Sample0001BEM.dat	C:\Users\Craig Nelson\Downloads\SGD_fDOM\SGD_fDOM\cabral\Group012Sample0001BEM.dat	C:\Users\Craig Nelson\Downloads\SGD_fDOM\SGD_fDOM\cabral\Group011Sample0005ABS.dat
C14_L_N_3_30_1900	Sample	C:\Users\Craig Nelson\Downloads\SGD_fDOM\SGD_fDOM\cabral\Group011Sample0006SEM.dat	C:\Users\Craig Nelson\Downloads\SGD_fDOM\SGD_fDOM\cabral\Group011Sample0001BEM.dat	C:\Users\Craig Nelson\Downloads\SGD_fDOM\SGD_fDOM\cabral\Group012Sample0001BEM.dat	C:\Users\Craig Nelson\Downloads\SGD_fDOM\SGD_fDOM\cabral\Group011Sample0006ABS.dat
C07_L_N_3_30_1900	Sample	C:\Users\Craig Nelson\Downloads\SGD_fDOM\SGD_fDOM\cabral\Group011Sample0007SEM.dat	C:\Users\Craig Nelson\Downloads\SGD_fDOM\SGD_fDOM\cabral\Group011Sample0001BEM.dat	C:\Users\Craig Nelson\Downloads\SGD_fDOM\SGD_fDOM\cabral\Group012Sample0001BEM.dat	C:\Users\Craig Nelson\Downloads\SGD_fDOM\SGD_fDOM\cabral\Group011Sample0007ABS.dat
CBLANK12	Blank	C:\Users\Craig Nelson\Downloads\SGD_fDOM\SGD_fDOM\cabral\Group012Sample0001BEM.dat	C:\Users\Craig Nelson\Downloads\SGD_fDOM\SGD_fDOM\cabral\Group002Sample0001BEM.dat	C:\Users\Craig Nelson\Downloads\SGD_fDOM\SGD_fDOM\cabral\Group003Sample0001BEM.dat	C:\Users\Craig Nelson\Downloads\SGD_fDOM\SGD_fDOM\cabral\Group012Sample0001ABS.dat
C05_L_D_3_30_0700	Sample	C:\Users\Craig Nelson\Downloads\SGD_fDOM\SGD_fDOM\cabral\Group012Sample0001SEM.dat	C:\Users\Craig Nelson\Downloads\SGD_fDOM\SGD_fDOM\cabral\Group012Sample0001BEM.dat	C:\Users\Craig Nelson\Downloads\SGD_fDOM\SGD_fDOM\cabral\Group013Sample0001BEM.dat	C:\Users\Craig Nelson\Downloads\SGD_fDOM\SGD_fDOM\cabral\Group012Sample0001ABS.dat
C11_L_D_3_30_0700	Sample	C:\Users\Craig Nelson\Downloads\SGD_fDOM\SGD_fDOM\cabral\Group012Sample0002SEM.dat	C:\Users\Craig Nelson\Downloads\SGD_fDOM\SGD_fDOM\cabral\Group012Sample0001BEM.dat	C:\Users\Craig Nelson\Downloads\SGD_fDOM\SGD_fDOM\cabral\Group013Sample0001BEM.dat	C:\Users\Craig Nelson\Downloads\SGD_fDOM\SGD_fDOM\cabral\Group012Sample0002ABS.dat
C16_L_N_3_30_1900	Sample	C:\Users\Craig Nelson\Downloads\SGD_fDOM\SGD_fDOM\cabral\Group012Sample0003SEM.dat	C:\Users\Craig Nelson\Downloads\SGD_fDOM\SGD_fDOM\cabral\Group012Sample0001BEM.dat	C:\Users\Craig Nelson\Downloads\SGD_fDOM\SGD_fDOM\cabral\Group013Sample0001BEM.dat	C:\Users\Craig Nelson\Downloads\SGD_fDOM\SGD_fDOM\cabral\Group012Sample0003ABS.dat
C20_H_N_3_31_0100	Sample	C:\Users\Craig Nelson\Downloads\SGD_fDOM\SGD_fDOM\cabral\Group012Sample0004SEM.dat	C:\Users\Craig Nelson\Downloads\SGD_fDOM\SGD_fDOM\cabral\Group012Sample0001BEM.dat	C:\Users\Craig Nelson\Downloads\SGD_fDOM\SGD_fDOM\cabral\Group013Sample0001BEM.dat	C:\Users\Craig Nelson\Downloads\SGD_fDOM\SGD_fDOM\cabral\Group012Sample0004ABS.dat
C19_L_N_3_30_1900	Sample	C:\Users\Craig Nelson\Downloads\SGD_fDOM\SGD_fDOM\cabral\Group012Sample0005SEM.dat	C:\Users\Craig Nelson\Downloads\SGD_fDOM\SGD_fDOM\cabral\Group012Sample0001BEM.dat	C:\Users\Craig Nelson\Downloads\SGD_fDOM\SGD_fDOM\cabral\Group013Sample0001BEM.dat	C:\Users\Craig Nelson\Downloads\SGD_fDOM\SGD_fDOM\cabral\Group012Sample0005ABS.dat
C20_H_D_3_30_1300	Sample	C:\Users\Craig Nelson\Downloads\SGD_fDOM\SGD_fDOM\cabral\Group012Sample0006SEM.dat	C:\Users\Craig Nelson\Downloads\SGD_fDOM\SGD_fDOM\cabral\Group012Sample0001BEM.dat	C:\Users\Craig Nelson\Downloads\SGD_fDOM\SGD_fDOM\cabral\Group013Sample0001BEM.dat	C:\Users\Craig Nelson\Downloads\SGD_fDOM\SGD_fDOM\cabral\Group012Sample0006ABS.dat
C05_H_N_3_31_0100	Sample	C:\Users\Craig Nelson\Downloads\SGD_fDOM\SGD_fDOM\cabral\Group012Sample0007SEM.dat	C:\Users\Craig Nelson\Downloads\SGD_fDOM\SGD_fDOM\cabral\Group012Sample0001BEM.dat	C:\Users\Craig Nelson\Downloads\SGD_fDOM\SGD_fDOM\cabral\Group013Sample0001BEM.dat	C:\Users\Craig Nelson\Downloads\SGD_fDOM\SGD_fDOM\cabral\Group012Sample0007ABS.dat
CBLANK13	Blank	C:\Users\Craig Nelson\Downloads\SGD_fDOM\SGD_fDOM\cabral\Group013Sample0001BEM.dat	C:\Users\Craig Nelson\Downloads\SGD_fDOM\SGD_fDOM\cabral\Group002Sample0001BEM.dat	C:\Users\Craig Nelson\Downloads\SGD_fDOM\SGD_fDOM\cabral\Group003Sample0001BEM.dat	C:\Users\Craig Nelson\Downloads\SGD_fDOM\SGD_fDOM\cabral\Group013Sample0001ABS.dat
C08_L_N_3_30_1900	Sample	C:\Users\Craig Nelson\Downloads\SGD_fDOM\SGD_fDOM\cabral\Group013Sample0001SEM.dat	C:\Users\Craig Nelson\Downloads\SGD_fDOM\SGD_fDOM\cabral\Group013Sample0001BEM.dat	C:\Users\Craig Nelson\Downloads\SGD_fDOM\SGD_fDOM\cabral\Group014Sample0001BEM.dat	C:\Users\Craig Nelson\Downloads\SGD_fDOM\SGD_fDOM\cabral\Group013Sample0001ABS.dat
C14_H_N_3_31_0100	Sample	C:\Users\Craig Nelson\Downloads\SGD_fDOM\SGD_fDOM\cabral\Group013Sample0002SEM.dat	C:\Users\Craig Nelson\Downloads\SGD_fDOM\SGD_fDOM\cabral\Group013Sample0001BEM.dat	C:\Users\Craig Nelson\Downloads\SGD_fDOM\SGD_fDOM\cabral\Group014Sample0001BEM.dat	C:\Users\Craig Nelson\Downloads\SGD_fDOM\SGD_fDOM\cabral\Group013Sample0002ABS.dat
C09_L_N_3_30_1900	Sample	C:\Users\Craig Nelson\Downloads\SGD_fDOM\SGD_fDOM\cabral\Group013Sample0003SEM.dat	C:\Users\Craig Nelson\Downloads\SGD_fDOM\SGD_fDOM\cabral\Group013Sample0001BEM.dat	C:\Users\Craig Nelson\Downloads\SGD_fDOM\SGD_fDOM\cabral\Group014Sample0001BEM.dat	C:\Users\Craig Nelson\Downloads\SGD_fDOM\SGD_fDOM\cabral\Group013Sample0003ABS.dat
C17_L_N_3_30_1900	Sample	C:\Users\Craig Nelson\Downloads\SGD_fDOM\SGD_fDOM\cabral\Group013Sample0004SEM.dat	C:\Users\Craig Nelson\Downloads\SGD_fDOM\SGD_fDOM\cabral\Group013Sample0001BEM.dat	C:\Users\Craig Nelson\Downloads\SGD_fDOM\SGD_fDOM\cabral\Group014Sample0001BEM.dat	C:\Users\Craig Nelson\Downloads\SGD_fDOM\SGD_fDOM\cabral\Group013Sample0004ABS.dat
C07_L_D_3_30_0700	Sample	C:\Users\Craig Nelson\Downloads\SGD_fDOM\SGD_fDOM\cabral\Group013Sample0005SEM.dat	C:\Users\Craig Nelson\Downloads\SGD_fDOM\SGD_fDOM\cabral\Group013Sample0001BEM.dat	C:\Users\Craig Nelson\Downloads\SGD_fDOM\SGD_fDOM\cabral\Group014Sample0001BEM.dat	C:\Users\Craig Nelson\Downloads\SGD_fDOM\SGD_fDOM\cabral\Group013Sample0005ABS.dat
C18_L_N_3_30_1900	Sample	C:\Users\Craig Nelson\Downloads\SGD_fDOM\SGD_fDOM\cabral\Group013Sample0006SEM.dat	C:\Users\Craig Nelson\Downloads\SGD_fDOM\SGD_fDOM\cabral\Group013Sample0001BEM.dat	C:\Users\Craig Nelson\Downloads\SGD_fDOM\SGD_fDOM\cabral\Group014Sample0001BEM.dat	C:\Users\Craig Nelson\Downloads\SGD_fDOM\SGD_fDOM\cabral\Group013Sample0006ABS.dat
C11_L_N_3_30_1900	Sample	C:\Users\Craig Nelson\Downloads\SGD_fDOM\SGD_fDOM\cabral\Group013Sample0007SEM.dat	C:\Users\Craig Nelson\Downloads\SGD_fDOM\SGD_fDOM\cabral\Group013Sample0001BEM.dat	C:\Users\Craig Nelson\Downloads\SGD_fDOM\SGD_fDOM\cabral\Group014Sample0001BEM.dat	C:\Users\Craig Nelson\Downloads\SGD_fDOM\SGD_fDOM\cabral\Group013Sample0007ABS.dat
CBLANK14	Blank	C:\Users\Craig Nelson\Downloads\SGD_fDOM\SGD_fDOM\cabral\Group014Sample0001BEM.dat	C:\Users\Craig Nelson\Downloads\SGD_fDOM\SGD_fDOM\cabral\Group002Sample0001BEM.dat	C:\Users\Craig Nelson\Downloads\SGD_fDOM\SGD_fDOM\cabral\Group003Sample0001BEM.dat	C:\Users\Craig Nelson\Downloads\SGD_fDOM\SGD_fDOM\cabral\Group014Sample0001ABS.dat
C03_H_N_3_31_0100	Sample	C:\Users\Craig Nelson\Downloads\SGD_fDOM\SGD_fDOM\cabral\Group014Sample0001SEM.dat	C:\Users\Craig Nelson\Downloads\SGD_fDOM\SGD_fDOM\cabral\Group014Sample0001BEM.dat	C:\Users\Craig Nelson\Downloads\SGD_fDOM\SGD_fDOM\cabral\Group001Sample0001BEM.dat	C:\Users\Craig Nelson\Downloads\SGD_fDOM\SGD_fDOM\cabral\Group014Sample0001ABS.dat
C02_L_N_3_30_1900	Sample	C:\Users\Craig Nelson\Downloads\SGD_fDOM\SGD_fDOM\cabral\Group014Sample0002SEM.dat	C:\Users\Craig Nelson\Downloads\SGD_fDOM\SGD_fDOM\cabral\Group014Sample0001BEM.dat	C:\Users\Craig Nelson\Downloads\SGD_fDOM\SGD_fDOM\cabral\Group001Sample0001BEM.dat	C:\Users\Craig Nelson\Downloads\SGD_fDOM\SGD_fDOM\cabral\Group014Sample0002ABS.dat
CSeepH_3_31_0100	Sample	C:\Users\Craig Nelson\Downloads\SGD_fDOM\SGD_fDOM\cabral\Group014Sample0003SEM.dat	C:\Users\Craig Nelson\Downloads\SGD_fDOM\SGD_fDOM\cabral\Group014Sample0001BEM.dat	C:\Users\Craig Nelson\Downloads\SGD_fDOM\SGD_fDOM\cabral\Group001Sample0001BEM.dat	C:\Users\Craig Nelson\Downloads\SGD_fDOM\SGD_fDOM\cabral\Group014Sample0003ABS.dat
C04_H_N_3_31_0100	Sample	C:\Users\Craig Nelson\Downloads\SGD_fDOM\SGD_fDOM\cabral\Group014Sample0004SEM.dat	C:\Users\Craig Nelson\Downloads\SGD_fDOM\SGD_fDOM\cabral\Group014Sample0001BEM.dat	C:\Users\Craig Nelson\Downloads\SGD_fDOM\SGD_fDOM\cabral\Group001Sample0001BEM.dat	C:\Users\Craig Nelson\Downloads\SGD_fDOM\SGD_fDOM\cabral\Group014Sample0004ABS.dat
Cempty_NA	Sample	C:\Users\Craig Nelson\Downloads\SGD_fDOM\SGD_fDOM\cabral\Group014Sample0005SEM.dat	C:\Users\Craig Nelson\Downloads\SGD_fDOM\SGD_fDOM\cabral\Group014Sample0001BEM.dat	C:\Users\Craig Nelson\Downloads\SGD_fDOM\SGD_fDOM\cabral\Group001Sample0001BEM.dat	C:\Users\Craig Nelson\Downloads\SGD_fDOM\SGD_fDOM\cabral\Group014Sample0005ABS.dat
VBLANK1	Blank	C:\Users\Craig Nelson\Downloads\SGD_fDOM\SGD_fDOM\varari\Group001Sample0001BEM.dat	C:\Users\Craig Nelson\Downloads\SGD_fDOM\SGD_fDOM\varari\Group002Sample0001BEM.dat	C:\Users\Craig Nelson\Downloads\SGD_fDOM\SGD_fDOM\varari\Group003Sample0001BEM.dat	C:\Users\Craig Nelson\Downloads\SGD_fDOM\SGD_fDOM\varari\Group001Sample0001ABS.dat
V09_L_D_3_21_0800	Sample	C:\Users\Craig Nelson\Downloads\SGD_fDOM\SGD_fDOM\varari\Group001Sample0001SEM.dat	C:\Users\Craig Nelson\Downloads\SGD_fDOM\SGD_fDOM\varari\Group001Sample0001BEM.dat	C:\Users\Craig Nelson\Downloads\SGD_fDOM\SGD_fDOM\varari\Group002Sample0001BEM.dat	C:\Users\Craig Nelson\Downloads\SGD_fDOM\SGD_fDOM\varari\Group001Sample0001ABS.dat
V13_L_D_3_21_0800	Sample	C:\Users\Craig Nelson\Downloads\SGD_fDOM\SGD_fDOM\varari\Group001Sample0002SEM.dat	C:\Users\Craig Nelson\Downloads\SGD_fDOM\SGD_fDOM\varari\Group001Sample0001BEM.dat	C:\Users\Craig Nelson\Downloads\SGD_fDOM\SGD_fDOM\varari\Group002Sample0001BEM.dat	C:\Users\Craig Nelson\Downloads\SGD_fDOM\SGD_fDOM\varari\Group001Sample0002ABS.dat
V07_L_D_3_21_0800	Sample	C:\Users\Craig Nelson\Downloads\SGD_fDOM\SGD_fDOM\varari\Group001Sample0003SEM.dat	C:\Users\Craig Nelson\Downloads\SGD_fDOM\SGD_fDOM\varari\Group001Sample0001BEM.dat	C:\Users\Craig Nelson\Downloads\SGD_fDOM\SGD_fDOM\varari\Group002Sample0001BEM.dat	C:\Users\Craig Nelson\Downloads\SGD_fDOM\SGD_fDOM\varari\Group001Sample0003ABS.dat
V30_L_D_3_21_0800	Sample	C:\Users\Craig Nelson\Downloads\SGD_fDOM\SGD_fDOM\varari\Group001Sample0004SEM.dat	C:\Users\Craig Nelson\Downloads\SGD_fDOM\SGD_fDOM\varari\Group001Sample0001BEM.dat	C:\Users\Craig Nelson\Downloads\SGD_fDOM\SGD_fDOM\varari\Group002Sample0001BEM.dat	C:\Users\Craig Nelson\Downloads\SGD_fDOM\SGD_fDOM\varari\Group001Sample0004ABS.dat
V17_L_D_3_21_0800	Sample	C:\Users\Craig Nelson\Downloads\SGD_fDOM\SGD_fDOM\varari\Group001Sample0005SEM.dat	C:\Users\Craig Nelson\Downloads\SGD_fDOM\SGD_fDOM\varari\Group001Sample0001BEM.dat	C:\Users\Craig Nelson\Downloads\SGD_fDOM\SGD_fDOM\varari\Group002Sample0001BEM.dat	C:\Users\Craig Nelson\Downloads\SGD_fDOM\SGD_fDOM\varari\Group001Sample0005ABS.dat
V05_L_D_3_21_0800	Sample	C:\Users\Craig Nelson\Downloads\SGD_fDOM\SGD_fDOM\varari\Group001Sample0006SEM.dat	C:\Users\Craig Nelson\Downloads\SGD_fDOM\SGD_fDOM\varari\Group001Sample0001BEM.dat	C:\Users\Craig Nelson\Downloads\SGD_fDOM\SGD_fDOM\varari\Group002Sample0001BEM.dat	C:\Users\Craig Nelson\Downloads\SGD_fDOM\SGD_fDOM\varari\Group001Sample0006ABS.dat
V06_L_D_3_21_0800	Sample	C:\Users\Craig Nelson\Downloads\SGD_fDOM\SGD_fDOM\varari\Group001Sample0007SEM.dat	C:\Users\Craig Nelson\Downloads\SGD_fDOM\SGD_fDOM\varari\Group001Sample0001BEM.dat	C:\Users\Craig Nelson\Downloads\SGD_fDOM\SGD_fDOM\varari\Group002Sample0001BEM.dat	C:\Users\Craig Nelson\Downloads\SGD_fDOM\SGD_fDOM\varari\Group001Sample0007ABS.dat
VBLANK2	Blank	C:\Users\Craig Nelson\Downloads\SGD_fDOM\SGD_fDOM\varari\Group002Sample0001BEM.dat	C:\Users\Craig Nelson\Downloads\SGD_fDOM\SGD_fDOM\varari\Group003Sample0001BEM.dat	C:\Users\Craig Nelson\Downloads\SGD_fDOM\SGD_fDOM\varari\Group004Sample0001BEM.dat	C:\Users\Craig Nelson\Downloads\SGD_fDOM\SGD_fDOM\varari\Group002Sample0001ABS.dat
V19_L_D_3_21_0800	Sample	C:\Users\Craig Nelson\Downloads\SGD_fDOM\SGD_fDOM\varari\Group002Sample0001SEM.dat	C:\Users\Craig Nelson\Downloads\SGD_fDOM\SGD_fDOM\varari\Group002Sample0001BEM.dat	C:\Users\Craig Nelson\Downloads\SGD_fDOM\SGD_fDOM\varari\Group003Sample0001BEM.dat	C:\Users\Craig Nelson\Downloads\SGD_fDOM\SGD_fDOM\varari\Group002Sample0001ABS.dat
V02_L_D_3_21_0800	Sample	C:\Users\Craig Nelson\Downloads\SGD_fDOM\SGD_fDOM\varari\Group002Sample0002SEM.dat	C:\Users\Craig Nelson\Downloads\SGD_fDOM\SGD_fDOM\varari\Group002Sample0001BEM.dat	C:\Users\Craig Nelson\Downloads\SGD_fDOM\SGD_fDOM\varari\Group003Sample0001BEM.dat	C:\Users\Craig Nelson\Downloads\SGD_fDOM\SGD_fDOM\varari\Group002Sample0002ABS.dat
V10_L_D_3_21_0800	Sample	C:\Users\Craig Nelson\Downloads\SGD_fDOM\SGD_fDOM\varari\Group002Sample0003SEM.dat	C:\Users\Craig Nelson\Downloads\SGD_fDOM\SGD_fDOM\varari\Group002Sample0001BEM.dat	C:\Users\Craig Nelson\Downloads\SGD_fDOM\SGD_fDOM\varari\Group003Sample0001BEM.dat	C:\Users\Craig Nelson\Downloads\SGD_fDOM\SGD_fDOM\varari\Group002Sample0003ABS.dat
V16_L_N_3_21_1600	Sample	C:\Users\Craig Nelson\Downloads\SGD_fDOM\SGD_fDOM\varari\Group002Sample0004SEM.dat	C:\Users\Craig Nelson\Downloads\SGD_fDOM\SGD_fDOM\varari\Group002Sample0001BEM.dat	C:\Users\Craig Nelson\Downloads\SGD_fDOM\SGD_fDOM\varari\Group003Sample0001BEM.dat	C:\Users\Craig Nelson\Downloads\SGD_fDOM\SGD_fDOM\varari\Group002Sample0004ABS.dat
V12_L_D_3_21_0800	Sample	C:\Users\Craig Nelson\Downloads\SGD_fDOM\SGD_fDOM\varari\Group002Sample0005SEM.dat	C:\Users\Craig Nelson\Downloads\SGD_fDOM\SGD_fDOM\varari\Group002Sample0001BEM.dat	C:\Users\Craig Nelson\Downloads\SGD_fDOM\SGD_fDOM\varari\Group003Sample0001BEM.dat	C:\Users\Craig Nelson\Downloads\SGD_fDOM\SGD_fDOM\varari\Group002Sample0005ABS.dat
V15_L_N_3_21_1600	Sample	C:\Users\Craig Nelson\Downloads\SGD_fDOM\SGD_fDOM\varari\Group002Sample0006SEM.dat	C:\Users\Craig Nelson\Downloads\SGD_fDOM\SGD_fDOM\varari\Group002Sample0001BEM.dat	C:\Users\Craig Nelson\Downloads\SGD_fDOM\SGD_fDOM\varari\Group003Sample0001BEM.dat	C:\Users\Craig Nelson\Downloads\SGD_fDOM\SGD_fDOM\varari\Group002Sample0006ABS.dat
V13_L_N_3_21_1600	Sample	C:\Users\Craig Nelson\Downloads\SGD_fDOM\SGD_fDOM\varari\Group002Sample0007SEM.dat	C:\Users\Craig Nelson\Downloads\SGD_fDOM\SGD_fDOM\varari\Group002Sample0001BEM.dat	C:\Users\Craig Nelson\Downloads\SGD_fDOM\SGD_fDOM\varari\Group003Sample0001BEM.dat	C:\Users\Craig Nelson\Downloads\SGD_fDOM\SGD_fDOM\varari\Group002Sample0007ABS.dat
VBLANK3	Blank	C:\Users\Craig Nelson\Downloads\SGD_fDOM\SGD_fDOM\varari\Group003Sample0001BEM.dat	C:\Users\Craig Nelson\Downloads\SGD_fDOM\SGD_fDOM\varari\Group002Sample0001BEM.dat	C:\Users\Craig Nelson\Downloads\SGD_fDOM\SGD_fDOM\varari\Group003Sample0001BEM.dat	C:\Users\Craig Nelson\Downloads\SGD_fDOM\SGD_fDOM\varari\Group003Sample0001ABS.dat
V09_L_N_3_21_1600	Sample	C:\Users\Craig Nelson\Downloads\SGD_fDOM\SGD_fDOM\varari\Group003Sample0001SEM.dat	C:\Users\Craig Nelson\Downloads\SGD_fDOM\SGD_fDOM\varari\Group003Sample0001BEM.dat	C:\Users\Craig Nelson\Downloads\SGD_fDOM\SGD_fDOM\varari\Group004Sample0001BEM.dat	C:\Users\Craig Nelson\Downloads\SGD_fDOM\SGD_fDOM\varari\Group003Sample0001ABS.dat
V19_L_N_3_21_1600	Sample	C:\Users\Craig Nelson\Downloads\SGD_fDOM\SGD_fDOM\varari\Group003Sample0002SEM.dat	C:\Users\Craig Nelson\Downloads\SGD_fDOM\SGD_fDOM\varari\Group003Sample0001BEM.dat	C:\Users\Craig Nelson\Downloads\SGD_fDOM\SGD_fDOM\varari\Group004Sample0001BEM.dat	C:\Users\Craig Nelson\Downloads\SGD_fDOM\SGD_fDOM\varari\Group003Sample0002ABS.dat
V01_L_D_3_21_0800	Sample	C:\Users\Craig Nelson\Downloads\SGD_fDOM\SGD_fDOM\varari\Group003Sample0003SEM.dat	C:\Users\Craig Nelson\Downloads\SGD_fDOM\SGD_fDOM\varari\Group003Sample0001BEM.dat	C:\Users\Craig Nelson\Downloads\SGD_fDOM\SGD_fDOM\varari\Group004Sample0001BEM.dat	C:\Users\Craig Nelson\Downloads\SGD_fDOM\SGD_fDOM\varari\Group003Sample0003ABS.dat
V05_L_N_3_21_1600	Sample	C:\Users\Craig Nelson\Downloads\SGD_fDOM\SGD_fDOM\varari\Group003Sample0004SEM.dat	C:\Users\Craig Nelson\Downloads\SGD_fDOM\SGD_fDOM\varari\Group003Sample0001BEM.dat	C:\Users\Craig Nelson\Downloads\SGD_fDOM\SGD_fDOM\varari\Group004Sample0001BEM.dat	C:\Users\Craig Nelson\Downloads\SGD_fDOM\SGD_fDOM\varari\Group003Sample0004ABS.dat
V06_L_N_3_21_1600	Sample	C:\Users\Craig Nelson\Downloads\SGD_fDOM\SGD_fDOM\varari\Group003Sample0005SEM.dat	C:\Users\Craig Nelson\Downloads\SGD_fDOM\SGD_fDOM\varari\Group003Sample0001BEM.dat	C:\Users\Craig Nelson\Downloads\SGD_fDOM\SGD_fDOM\varari\Group004Sample0001BEM.dat	C:\Users\Craig Nelson\Downloads\SGD_fDOM\SGD_fDOM\varari\Group003Sample0005ABS.dat
V08_L_N_3_21_1600	Sample	C:\Users\Craig Nelson\Downloads\SGD_fDOM\SGD_fDOM\varari\Group003Sample0006SEM.dat	C:\Users\Craig Nelson\Downloads\SGD_fDOM\SGD_fDOM\varari\Group003Sample0001BEM.dat	C:\Users\Craig Nelson\Downloads\SGD_fDOM\SGD_fDOM\varari\Group004Sample0001BEM.dat	C:\Users\Craig Nelson\Downloads\SGD_fDOM\SGD_fDOM\varari\Group003Sample0006ABS.dat
V01_L_N_3_21_1600	Sample	C:\Users\Craig Nelson\Downloads\SGD_fDOM\SGD_fDOM\varari\Group003Sample0007SEM.dat	C:\Users\Craig Nelson\Downloads\SGD_fDOM\SGD_fDOM\varari\Group003Sample0001BEM.dat	C:\Users\Craig Nelson\Downloads\SGD_fDOM\SGD_fDOM\varari\Group004Sample0001BEM.dat	C:\Users\Craig Nelson\Downloads\SGD_fDOM\SGD_fDOM\varari\Group003Sample0007ABS.dat
VBLANK4	Blank	C:\Users\Craig Nelson\Downloads\SGD_fDOM\SGD_fDOM\varari\Group004Sample0001BEM.dat	C:\Users\Craig Nelson\Downloads\SGD_fDOM\SGD_fDOM\varari\Group002Sample0001BEM.dat	C:\Users\Craig Nelson\Downloads\SGD_fDOM\SGD_fDOM\varari\Group003Sample0001BEM.dat	C:\Users\Craig Nelson\Downloads\SGD_fDOM\SGD_fDOM\varari\Group004Sample0001ABS.dat
V02_L_N_3_21_1600	Sample	C:\Users\Craig Nelson\Downloads\SGD_fDOM\SGD_fDOM\varari\Group004Sample0001SEM.dat	C:\Users\Craig Nelson\Downloads\SGD_fDOM\SGD_fDOM\varari\Group004Sample0001BEM.dat	C:\Users\Craig Nelson\Downloads\SGD_fDOM\SGD_fDOM\varari\Group005Sample0001BEM.dat	C:\Users\Craig Nelson\Downloads\SGD_fDOM\SGD_fDOM\varari\Group004Sample0001ABS.dat
V17_L_N_3_21_1600	Sample	C:\Users\Craig Nelson\Downloads\SGD_fDOM\SGD_fDOM\varari\Group004Sample0002SEM.dat	C:\Users\Craig Nelson\Downloads\SGD_fDOM\SGD_fDOM\varari\Group004Sample0001BEM.dat	C:\Users\Craig Nelson\Downloads\SGD_fDOM\SGD_fDOM\varari\Group005Sample0001BEM.dat	C:\Users\Craig Nelson\Downloads\SGD_fDOM\SGD_fDOM\varari\Group004Sample0002ABS.dat
V01_H_N_3_22_0200	Sample	C:\Users\Craig Nelson\Downloads\SGD_fDOM\SGD_fDOM\varari\Group004Sample0003SEM.dat	C:\Users\Craig Nelson\Downloads\SGD_fDOM\SGD_fDOM\varari\Group004Sample0001BEM.dat	C:\Users\Craig Nelson\Downloads\SGD_fDOM\SGD_fDOM\varari\Group005Sample0001BEM.dat	C:\Users\Craig Nelson\Downloads\SGD_fDOM\SGD_fDOM\varari\Group004Sample0003ABS.dat
V04_H_N_3_22_0200	Sample	C:\Users\Craig Nelson\Downloads\SGD_fDOM\SGD_fDOM\varari\Group004Sample0004SEM.dat	C:\Users\Craig Nelson\Downloads\SGD_fDOM\SGD_fDOM\varari\Group004Sample0001BEM.dat	C:\Users\Craig Nelson\Downloads\SGD_fDOM\SGD_fDOM\varari\Group005Sample0001BEM.dat	C:\Users\Craig Nelson\Downloads\SGD_fDOM\SGD_fDOM\varari\Group004Sample0004ABS.dat
V02_H_N_3_22_0200	Sample	C:\Users\Craig Nelson\Downloads\SGD_fDOM\SGD_fDOM\varari\Group004Sample0005SEM.dat	C:\Users\Craig Nelson\Downloads\SGD_fDOM\SGD_fDOM\varari\Group004Sample0001BEM.dat	C:\Users\Craig Nelson\Downloads\SGD_fDOM\SGD_fDOM\varari\Group005Sample0001BEM.dat	C:\Users\Craig Nelson\Downloads\SGD_fDOM\SGD_fDOM\varari\Group004Sample0005ABS.dat
V14_H_N_3_22_0200	Sample	C:\Users\Craig Nelson\Downloads\SGD_fDOM\SGD_fDOM\varari\Group004Sample0006SEM.dat	C:\Users\Craig Nelson\Downloads\SGD_fDOM\SGD_fDOM\varari\Group004Sample0001BEM.dat	C:\Users\Craig Nelson\Downloads\SGD_fDOM\SGD_fDOM\varari\Group005Sample0001BEM.dat	C:\Users\Craig Nelson\Downloads\SGD_fDOM\SGD_fDOM\varari\Group004Sample0006ABS.dat
V11_L_N_3_21_1600	Sample	C:\Users\Craig Nelson\Downloads\SGD_fDOM\SGD_fDOM\varari\Group004Sample0007SEM.dat	C:\Users\Craig Nelson\Downloads\SGD_fDOM\SGD_fDOM\varari\Group004Sample0001BEM.dat	C:\Users\Craig Nelson\Downloads\SGD_fDOM\SGD_fDOM\varari\Group005Sample0001BEM.dat	C:\Users\Craig Nelson\Downloads\SGD_fDOM\SGD_fDOM\varari\Group004Sample0007ABS.dat
VBLANK5	Blank	C:\Users\Craig Nelson\Downloads\SGD_fDOM\SGD_fDOM\varari\Group005Sample0001BEM.dat	C:\Users\Craig Nelson\Downloads\SGD_fDOM\SGD_fDOM\varari\Group002Sample0001BEM.dat	C:\Users\Craig Nelson\Downloads\SGD_fDOM\SGD_fDOM\varari\Group003Sample0001BEM.dat	C:\Users\Craig Nelson\Downloads\SGD_fDOM\SGD_fDOM\varari\Group005Sample0001ABS.dat
V16_H_N_3_22_0200	Sample	C:\Users\Craig Nelson\Downloads\SGD_fDOM\SGD_fDOM\varari\Group005Sample0001SEM.dat	C:\Users\Craig Nelson\Downloads\SGD_fDOM\SGD_fDOM\varari\Group005Sample0001BEM.dat	C:\Users\Craig Nelson\Downloads\SGD_fDOM\SGD_fDOM\varari\Group006Sample0001BEM.dat	C:\Users\Craig Nelson\Downloads\SGD_fDOM\SGD_fDOM\varari\Group005Sample0001ABS.dat
V17_H_N_3_22_0200	Sample	C:\Users\Craig Nelson\Downloads\SGD_fDOM\SGD_fDOM\varari\Group005Sample0002SEM.dat	C:\Users\Craig Nelson\Downloads\SGD_fDOM\SGD_fDOM\varari\Group005Sample0001BEM.dat	C:\Users\Craig Nelson\Downloads\SGD_fDOM\SGD_fDOM\varari\Group006Sample0001BEM.dat	C:\Users\Craig Nelson\Downloads\SGD_fDOM\SGD_fDOM\varari\Group005Sample0002ABS.dat
V20_H_N_3_22_0200	Sample	C:\Users\Craig Nelson\Downloads\SGD_fDOM\SGD_fDOM\varari\Group005Sample0003SEM.dat	C:\Users\Craig Nelson\Downloads\SGD_fDOM\SGD_fDOM\varari\Group005Sample0001BEM.dat	C:\Users\Craig Nelson\Downloads\SGD_fDOM\SGD_fDOM\varari\Group006Sample0001BEM.dat	C:\Users\Craig Nelson\Downloads\SGD_fDOM\SGD_fDOM\varari\Group005Sample0003ABS.dat
V06_H_N_3_22_0200	Sample	C:\Users\Craig Nelson\Downloads\SGD_fDOM\SGD_fDOM\varari\Group005Sample0004SEM.dat	C:\Users\Craig Nelson\Downloads\SGD_fDOM\SGD_fDOM\varari\Group005Sample0001BEM.dat	C:\Users\Craig Nelson\Downloads\SGD_fDOM\SGD_fDOM\varari\Group006Sample0001BEM.dat	C:\Users\Craig Nelson\Downloads\SGD_fDOM\SGD_fDOM\varari\Group005Sample0004ABS.dat
V11_H_N_3_22_0200	Sample	C:\Users\Craig Nelson\Downloads\SGD_fDOM\SGD_fDOM\varari\Group005Sample0005SEM.dat	C:\Users\Craig Nelson\Downloads\SGD_fDOM\SGD_fDOM\varari\Group005Sample0001BEM.dat	C:\Users\Craig Nelson\Downloads\SGD_fDOM\SGD_fDOM\varari\Group006Sample0001BEM.dat	C:\Users\Craig Nelson\Downloads\SGD_fDOM\SGD_fDOM\varari\Group005Sample0005ABS.dat
V18_H_N_3_22_0200	Sample	C:\Users\Craig Nelson\Downloads\SGD_fDOM\SGD_fDOM\varari\Group005Sample0006SEM.dat	C:\Users\Craig Nelson\Downloads\SGD_fDOM\SGD_fDOM\varari\Group005Sample0001BEM.dat	C:\Users\Craig Nelson\Downloads\SGD_fDOM\SGD_fDOM\varari\Group006Sample0001BEM.dat	C:\Users\Craig Nelson\Downloads\SGD_fDOM\SGD_fDOM\varari\Group005Sample0006ABS.dat
V03_H_N_3_22_0200	Sample	C:\Users\Craig Nelson\Downloads\SGD_fDOM\SGD_fDOM\varari\Group005Sample0007SEM.dat	C:\Users\Craig Nelson\Downloads\SGD_fDOM\SGD_fDOM\varari\Group005Sample0001BEM.dat	C:\Users\Craig Nelson\Downloads\SGD_fDOM\SGD_fDOM\varari\Group006Sample0001BEM.dat	C:\Users\Craig Nelson\Downloads\SGD_fDOM\SGD_fDOM\varari\Group005Sample0007ABS.dat
VBLANK6	Blank	C:\Users\Craig Nelson\Downloads\SGD_fDOM\SGD_fDOM\varari\Group006Sample0001BEM.dat	C:\Users\Craig Nelson\Downloads\SGD_fDOM\SGD_fDOM\varari\Group002Sample0001BEM.dat	C:\Users\Craig Nelson\Downloads\SGD_fDOM\SGD_fDOM\varari\Group003Sample0001BEM.dat	C:\Users\Craig Nelson\Downloads\SGD_fDOM\SGD_fDOM\varari\Group006Sample0001ABS.dat
V19_H_N_3_22_0200	Sample	C:\Users\Craig Nelson\Downloads\SGD_fDOM\SGD_fDOM\varari\Group006Sample0001SEM.dat	C:\Users\Craig Nelson\Downloads\SGD_fDOM\SGD_fDOM\varari\Group006Sample0001BEM.dat	C:\Users\Craig Nelson\Downloads\SGD_fDOM\SGD_fDOM\varari\Group007Sample0001BEM.dat	C:\Users\Craig Nelson\Downloads\SGD_fDOM\SGD_fDOM\varari\Group006Sample0001ABS.dat
v10_H_N_3_22_0200	Sample	C:\Users\Craig Nelson\Downloads\SGD_fDOM\SGD_fDOM\varari\Group006Sample0002SEM.dat	C:\Users\Craig Nelson\Downloads\SGD_fDOM\SGD_fDOM\varari\Group006Sample0001BEM.dat	C:\Users\Craig Nelson\Downloads\SGD_fDOM\SGD_fDOM\varari\Group007Sample0001BEM.dat	C:\Users\Craig Nelson\Downloads\SGD_fDOM\SGD_fDOM\varari\Group006Sample0002ABS.dat
V05_H_N_3_30_2000	Sample	C:\Users\Craig Nelson\Downloads\SGD_fDOM\SGD_fDOM\varari\Group006Sample0003SEM.dat	C:\Users\Craig Nelson\Downloads\SGD_fDOM\SGD_fDOM\varari\Group006Sample0001BEM.dat	C:\Users\Craig Nelson\Downloads\SGD_fDOM\SGD_fDOM\varari\Group007Sample0001BEM.dat	C:\Users\Craig Nelson\Downloads\SGD_fDOM\SGD_fDOM\varari\Group006Sample0003ABS.dat
VReefcrest_O_	Sample	C:\Users\Craig Nelson\Downloads\SGD_fDOM\SGD_fDOM\varari\Group006Sample0004SEM.dat	C:\Users\Craig Nelson\Downloads\SGD_fDOM\SGD_fDOM\varari\Group006Sample0001BEM.dat	C:\Users\Craig Nelson\Downloads\SGD_fDOM\SGD_fDOM\varari\Group007Sample0001BEM.dat	C:\Users\Craig Nelson\Downloads\SGD_fDOM\SGD_fDOM\varari\Group006Sample0004ABS.dat
Vseep_K_3_28_1900	Sample	C:\Users\Craig Nelson\Downloads\SGD_fDOM\SGD_fDOM\varari\Group006Sample0005SEM.dat	C:\Users\Craig Nelson\Downloads\SGD_fDOM\SGD_fDOM\varari\Group006Sample0001BEM.dat	C:\Users\Craig Nelson\Downloads\SGD_fDOM\SGD_fDOM\varari\Group007Sample0001BEM.dat	C:\Users\Craig Nelson\Downloads\SGD_fDOM\SGD_fDOM\varari\Group006Sample0005ABS.dat
VReefcrest_B_3_27_0200	Sample	C:\Users\Craig Nelson\Downloads\SGD_fDOM\SGD_fDOM\varari\Group006Sample0006SEM.dat	C:\Users\Craig Nelson\Downloads\SGD_fDOM\SGD_fDOM\varari\Group006Sample0001BEM.dat	C:\Users\Craig Nelson\Downloads\SGD_fDOM\SGD_fDOM\varari\Group007Sample0001BEM.dat	C:\Users\Craig Nelson\Downloads\SGD_fDOM\SGD_fDOM\varari\Group006Sample0006ABS.dat
VReefcrest_H_3_28_1400	Sample	C:\Users\Craig Nelson\Downloads\SGD_fDOM\SGD_fDOM\varari\Group006Sample0007SEM.dat	C:\Users\Craig Nelson\Downloads\SGD_fDOM\SGD_fDOM\varari\Group006Sample0001BEM.dat	C:\Users\Craig Nelson\Downloads\SGD_fDOM\SGD_fDOM\varari\Group007Sample0001BEM.dat	C:\Users\Craig Nelson\Downloads\SGD_fDOM\SGD_fDOM\varari\Group006Sample0007ABS.dat
VBLANK7	Blank	C:\Users\Craig Nelson\Downloads\SGD_fDOM\SGD_fDOM\varari\Group007Sample0001BEM.dat	C:\Users\Craig Nelson\Downloads\SGD_fDOM\SGD_fDOM\varari\Group002Sample0001BEM.dat	C:\Users\Craig Nelson\Downloads\SGD_fDOM\SGD_fDOM\varari\Group003Sample0001BEM.dat	C:\Users\Craig Nelson\Downloads\SGD_fDOM\SGD_fDOM\varari\Group007Sample0001ABS.dat
VReefcrestM_3_29_2000	Sample	C:\Users\Craig Nelson\Downloads\SGD_fDOM\SGD_fDOM\varari\Group007Sample0001SEM.dat	C:\Users\Craig Nelson\Downloads\SGD_fDOM\SGD_fDOM\varari\Group007Sample0001BEM.dat	C:\Users\Craig Nelson\Downloads\SGD_fDOM\SGD_fDOM\varari\Group008Sample0001BEM.dat	C:\Users\Craig Nelson\Downloads\SGD_fDOM\SGD_fDOM\varari\Group007Sample0001ABS.dat
VSeep_L_3_29_0700	Sample	C:\Users\Craig Nelson\Downloads\SGD_fDOM\SGD_fDOM\varari\Group007Sample0002SEM.dat	C:\Users\Craig Nelson\Downloads\SGD_fDOM\SGD_fDOM\varari\Group007Sample0001BEM.dat	C:\Users\Craig Nelson\Downloads\SGD_fDOM\SGD_fDOM\varari\Group008Sample0001BEM.dat	C:\Users\Craig Nelson\Downloads\SGD_fDOM\SGD_fDOM\varari\Group007Sample0002ABS.dat
VSeep_I_3_28_1700	Sample	C:\Users\Craig Nelson\Downloads\SGD_fDOM\SGD_fDOM\varari\Group007Sample0003SEM.dat	C:\Users\Craig Nelson\Downloads\SGD_fDOM\SGD_fDOM\varari\Group007Sample0001BEM.dat	C:\Users\Craig Nelson\Downloads\SGD_fDOM\SGD_fDOM\varari\Group008Sample0001BEM.dat	C:\Users\Craig Nelson\Downloads\SGD_fDOM\SGD_fDOM\varari\Group007Sample0003ABS.dat
VReefcrest_K_3_29_0800	Sample	C:\Users\Craig Nelson\Downloads\SGD_fDOM\SGD_fDOM\varari\Group007Sample0004SEM.dat	C:\Users\Craig Nelson\Downloads\SGD_fDOM\SGD_fDOM\varari\Group007Sample0001BEM.dat	C:\Users\Craig Nelson\Downloads\SGD_fDOM\SGD_fDOM\varari\Group008Sample0001BEM.dat	C:\Users\Craig Nelson\Downloads\SGD_fDOM\SGD_fDOM\varari\Group007Sample0004ABS.dat
VReefcrest_D_3_27_1400	Sample	C:\Users\Craig Nelson\Downloads\SGD_fDOM\SGD_fDOM\varari\Group007Sample0005SEM.dat	C:\Users\Craig Nelson\Downloads\SGD_fDOM\SGD_fDOM\varari\Group007Sample0001BEM.dat	C:\Users\Craig Nelson\Downloads\SGD_fDOM\SGD_fDOM\varari\Group008Sample0001BEM.dat	C:\Users\Craig Nelson\Downloads\SGD_fDOM\SGD_fDOM\varari\Group007Sample0005ABS.dat
V08_H_N_3_22_0200	Sample	C:\Users\Craig Nelson\Downloads\SGD_fDOM\SGD_fDOM\varari\Group007Sample0006SEM.dat	C:\Users\Craig Nelson\Downloads\SGD_fDOM\SGD_fDOM\varari\Group007Sample0001BEM.dat	C:\Users\Craig Nelson\Downloads\SGD_fDOM\SGD_fDOM\varari\Group008Sample0001BEM.dat	C:\Users\Craig Nelson\Downloads\SGD_fDOM\SGD_fDOM\varari\Group007Sample0006ABS.dat
V12_H_N_3_22_0200	Sample	C:\Users\Craig Nelson\Downloads\SGD_fDOM\SGD_fDOM\varari\Group007Sample0007SEM.dat	C:\Users\Craig Nelson\Downloads\SGD_fDOM\SGD_fDOM\varari\Group007Sample0001BEM.dat	C:\Users\Craig Nelson\Downloads\SGD_fDOM\SGD_fDOM\varari\Group008Sample0001BEM.dat	C:\Users\Craig Nelson\Downloads\SGD_fDOM\SGD_fDOM\varari\Group007Sample0007ABS.dat
VBLANK8	Blank	C:\Users\Craig Nelson\Downloads\SGD_fDOM\SGD_fDOM\varari\Group008Sample0001BEM.dat	C:\Users\Craig Nelson\Downloads\SGD_fDOM\SGD_fDOM\varari\Group002Sample0001BEM.dat	C:\Users\Craig Nelson\Downloads\SGD_fDOM\SGD_fDOM\varari\Group003Sample0001BEM.dat	C:\Users\Craig Nelson\Downloads\SGD_fDOM\SGD_fDOM\varari\Group008Sample0001ABS.dat
VReefcrest_G_3_28_0800	Sample	C:\Users\Craig Nelson\Downloads\SGD_fDOM\SGD_fDOM\varari\Group008Sample0001SEM.dat	C:\Users\Craig Nelson\Downloads\SGD_fDOM\SGD_fDOM\varari\Group008Sample0001BEM.dat	C:\Users\Craig Nelson\Downloads\SGD_fDOM\SGD_fDOM\varari\Group009Sample0001BEM.dat	C:\Users\Craig Nelson\Downloads\SGD_fDOM\SGD_fDOM\varari\Group008Sample0001ABS.dat
VSeep_O_3_29_1100	Sample	C:\Users\Craig Nelson\Downloads\SGD_fDOM\SGD_fDOM\varari\Group008Sample0002SEM.dat	C:\Users\Craig Nelson\Downloads\SGD_fDOM\SGD_fDOM\varari\Group008Sample0001BEM.dat	C:\Users\Craig Nelson\Downloads\SGD_fDOM\SGD_fDOM\varari\Group009Sample0001BEM.dat	C:\Users\Craig Nelson\Downloads\SGD_fDOM\SGD_fDOM\varari\Group008Sample0002ABS.dat
VReefcrest_1_3_29_1400	Sample	C:\Users\Craig Nelson\Downloads\SGD_fDOM\SGD_fDOM\varari\Group008Sample0003SEM.dat	C:\Users\Craig Nelson\Downloads\SGD_fDOM\SGD_fDOM\varari\Group008Sample0001BEM.dat	C:\Users\Craig Nelson\Downloads\SGD_fDOM\SGD_fDOM\varari\Group009Sample0001BEM.dat	C:\Users\Craig Nelson\Downloads\SGD_fDOM\SGD_fDOM\varari\Group008Sample0003ABS.dat
VSeep_N_3_29_0900	Sample	C:\Users\Craig Nelson\Downloads\SGD_fDOM\SGD_fDOM\varari\Group008Sample0004SEM.dat	C:\Users\Craig Nelson\Downloads\SGD_fDOM\SGD_fDOM\varari\Group008Sample0001BEM.dat	C:\Users\Craig Nelson\Downloads\SGD_fDOM\SGD_fDOM\varari\Group009Sample0001BEM.dat	C:\Users\Craig Nelson\Downloads\SGD_fDOM\SGD_fDOM\varari\Group008Sample0004ABS.dat
VSeep_M_3_29_0800	Sample	C:\Users\Craig Nelson\Downloads\SGD_fDOM\SGD_fDOM\varari\Group008Sample0005SEM.dat	C:\Users\Craig Nelson\Downloads\SGD_fDOM\SGD_fDOM\varari\Group008Sample0001BEM.dat	C:\Users\Craig Nelson\Downloads\SGD_fDOM\SGD_fDOM\varari\Group009Sample0001BEM.dat	C:\Users\Craig Nelson\Downloads\SGD_fDOM\SGD_fDOM\varari\Group008Sample0005ABS.dat
VReefcrest_P_3_31_0200	Sample	C:\Users\Craig Nelson\Downloads\SGD_fDOM\SGD_fDOM\varari\Group008Sample0006SEM.dat	C:\Users\Craig Nelson\Downloads\SGD_fDOM\SGD_fDOM\varari\Group008Sample0001BEM.dat	C:\Users\Craig Nelson\Downloads\SGD_fDOM\SGD_fDOM\varari\Group009Sample0001BEM.dat	C:\Users\Craig Nelson\Downloads\SGD_fDOM\SGD_fDOM\varari\Group008Sample0006ABS.dat
Vreefcrest_A_3_26_1600	Sample	C:\Users\Craig Nelson\Downloads\SGD_fDOM\SGD_fDOM\varari\Group008Sample0007SEM.dat	C:\Users\Craig Nelson\Downloads\SGD_fDOM\SGD_fDOM\varari\Group008Sample0001BEM.dat	C:\Users\Craig Nelson\Downloads\SGD_fDOM\SGD_fDOM\varari\Group009Sample0001BEM.dat	C:\Users\Craig Nelson\Downloads\SGD_fDOM\SGD_fDOM\varari\Group008Sample0007ABS.dat
VBLANK9	Blank	C:\Users\Craig Nelson\Downloads\SGD_fDOM\SGD_fDOM\varari\Group009Sample0001BEM.dat	C:\Users\Craig Nelson\Downloads\SGD_fDOM\SGD_fDOM\varari\Group002Sample0001BEM.dat	C:\Users\Craig Nelson\Downloads\SGD_fDOM\SGD_fDOM\varari\Group003Sample0001BEM.dat	C:\Users\Craig Nelson\Downloads\SGD_fDOM\SGD_fDOM\varari\Group009Sample0001ABS.dat
VReefcrest_N_3_30_0200	Sample	C:\Users\Craig Nelson\Downloads\SGD_fDOM\SGD_fDOM\varari\Group009Sample0001SEM.dat	C:\Users\Craig Nelson\Downloads\SGD_fDOM\SGD_fDOM\varari\Group009Sample0001BEM.dat	C:\Users\Craig Nelson\Downloads\SGD_fDOM\SGD_fDOM\varari\Group001Sample0001BEM.dat	C:\Users\Craig Nelson\Downloads\SGD_fDOM\SGD_fDOM\varari\Group009Sample0001ABS.dat
VSeep_J_3_28_1800	Sample	C:\Users\Craig Nelson\Downloads\SGD_fDOM\SGD_fDOM\varari\Group009Sample0002SEM.dat	C:\Users\Craig Nelson\Downloads\SGD_fDOM\SGD_fDOM\varari\Group009Sample0001BEM.dat	C:\Users\Craig Nelson\Downloads\SGD_fDOM\SGD_fDOM\varari\Group001Sample0001BEM.dat	C:\Users\Craig Nelson\Downloads\SGD_fDOM\SGD_fDOM\varari\Group009Sample0002ABS.dat
Vempty_NA	Sample	C:\Users\Craig Nelson\Downloads\SGD_fDOM\SGD_fDOM\varari\Group009Sample0003SEM.dat	C:\Users\Craig Nelson\Downloads\SGD_fDOM\SGD_fDOM\varari\Group009Sample0001BEM.dat	C:\Users\Craig Nelson\Downloads\SGD_fDOM\SGD_fDOM\varari\Group001Sample0001BEM.dat	C:\Users\Craig Nelson\Downloads\SGD_fDOM\SGD_fDOM\varari\Group009Sample0003ABS.dat