"UniqueID"	"run_name"	"run_order"	"sample"	"group"	"SEM_file"	"blank1"	"blank2"	"ABS_file"
"V09_L_D_3_21_0800"	"varari"	1	"Group001Sample0001"	"Group001"	"Group001Sample0001SEM.dat"	"Group001Sample0001BEM.dat"	"Group002Sample0001BEM.dat"	"Group001Sample0001ABS.dat"
"V13_L_D_3_21_0800"	"varari"	2	"Group001Sample0002"	"Group001"	"Group001Sample0002SEM.dat"	"Group001Sample0001BEM.dat"	"Group002Sample0001BEM.dat"	"Group001Sample0002ABS.dat"
"V07_L_D_3_21_0800"	"varari"	3	"Group001Sample0003"	"Group001"	"Group001Sample0003SEM.dat"	"Group001Sample0001BEM.dat"	"Group002Sample0001BEM.dat"	"Group001Sample0003ABS.dat"
"V30_L_D_3_21_0800"	"varari"	4	"Group001Sample0004"	"Group001"	"Group001Sample0004SEM.dat"	"Group001Sample0001BEM.dat"	"Group002Sample0001BEM.dat"	"Group001Sample0004ABS.dat"
"V17_L_D_3_21_0800"	"varari"	5	"Group001Sample0005"	"Group001"	"Group001Sample0005SEM.dat"	"Group001Sample0001BEM.dat"	"Group002Sample0001BEM.dat"	"Group001Sample0005ABS.dat"
"V05_L_D_3_21_0800"	"varari"	6	"Group001Sample0006"	"Group001"	"Group001Sample0006SEM.dat"	"Group001Sample0001BEM.dat"	"Group002Sample0001BEM.dat"	"Group001Sample0006ABS.dat"
"V06_L_D_3_21_0800"	"varari"	7	"Group001Sample0007"	"Group001"	"Group001Sample0007SEM.dat"	"Group001Sample0001BEM.dat"	"Group002Sample0001BEM.dat"	"Group001Sample0007ABS.dat"
"V19_L_D_3_21_0800"	"varari"	8	"Group002Sample0001"	"Group002"	"Group002Sample0001SEM.dat"	"Group002Sample0001BEM.dat"	"Group003Sample0001BEM.dat"	"Group002Sample0001ABS.dat"
"V02_L_D_3_21_0800"	"varari"	9	"Group002Sample0002"	"Group002"	"Group002Sample0002SEM.dat"	"Group002Sample0001BEM.dat"	"Group003Sample0001BEM.dat"	"Group002Sample0002ABS.dat"
"V10_L_D_3_21_0800"	"varari"	10	"Group002Sample0003"	"Group002"	"Group002Sample0003SEM.dat"	"Group002Sample0001BEM.dat"	"Group003Sample0001BEM.dat"	"Group002Sample0003ABS.dat"
"V16_L_N_3_21_1600"	"varari"	11	"Group002Sample0004"	"Group002"	"Group002Sample0004SEM.dat"	"Group002Sample0001BEM.dat"	"Group003Sample0001BEM.dat"	"Group002Sample0004ABS.dat"
"V12_L_D_3_21_0800"	"varari"	12	"Group002Sample0005"	"Group002"	"Group002Sample0005SEM.dat"	"Group002Sample0001BEM.dat"	"Group003Sample0001BEM.dat"	"Group002Sample0005ABS.dat"
"V15_L_N_3_21_1600"	"varari"	13	"Group002Sample0006"	"Group002"	"Group002Sample0006SEM.dat"	"Group002Sample0001BEM.dat"	"Group003Sample0001BEM.dat"	"Group002Sample0006ABS.dat"
"V13_L_N_3_21_1600"	"varari"	14	"Group002Sample0007"	"Group002"	"Group002Sample0007SEM.dat"	"Group002Sample0001BEM.dat"	"Group003Sample0001BEM.dat"	"Group002Sample0007ABS.dat"
"V09_L_N_3_21_1600"	"varari"	15	"Group003Sample0001"	"Group003"	"Group003Sample0001SEM.dat"	"Group003Sample0001BEM.dat"	"Group004Sample0001BEM.dat"	"Group003Sample0001ABS.dat"
"V19_L_N_3_21_1600"	"varari"	16	"Group003Sample0002"	"Group003"	"Group003Sample0002SEM.dat"	"Group003Sample0001BEM.dat"	"Group004Sample0001BEM.dat"	"Group003Sample0002ABS.dat"
"V01_L_D_3_21_0800"	"varari"	17	"Group003Sample0003"	"Group003"	"Group003Sample0003SEM.dat"	"Group003Sample0001BEM.dat"	"Group004Sample0001BEM.dat"	"Group003Sample0003ABS.dat"
"V05_L_N_3_21_1600"	"varari"	18	"Group003Sample0004"	"Group003"	"Group003Sample0004SEM.dat"	"Group003Sample0001BEM.dat"	"Group004Sample0001BEM.dat"	"Group003Sample0004ABS.dat"
"V06_L_N_3_21_1600"	"varari"	19	"Group003Sample0005"	"Group003"	"Group003Sample0005SEM.dat"	"Group003Sample0001BEM.dat"	"Group004Sample0001BEM.dat"	"Group003Sample0005ABS.dat"
"V08_L_N_3_21_1600"	"varari"	20	"Group003Sample0006"	"Group003"	"Group003Sample0006SEM.dat"	"Group003Sample0001BEM.dat"	"Group004Sample0001BEM.dat"	"Group003Sample0006ABS.dat"
"V01_L_N_3_21_1600"	"varari"	21	"Group003Sample0007"	"Group003"	"Group003Sample0007SEM.dat"	"Group003Sample0001BEM.dat"	"Group004Sample0001BEM.dat"	"Group003Sample0007ABS.dat"
"V02_L_N_3_21_1600"	"varari"	22	"Group004Sample0001"	"Group004"	"Group004Sample0001SEM.dat"	"Group004Sample0001BEM.dat"	"Group005Sample0001BEM.dat"	"Group004Sample0001ABS.dat"
"V17_L_N_3_21_1600"	"varari"	23	"Group004Sample0002"	"Group004"	"Group004Sample0002SEM.dat"	"Group004Sample0001BEM.dat"	"Group005Sample0001BEM.dat"	"Group004Sample0002ABS.dat"
"V01_H_N_3_22_0200"	"varari"	24	"Group004Sample0003"	"Group004"	"Group004Sample0003SEM.dat"	"Group004Sample0001BEM.dat"	"Group005Sample0001BEM.dat"	"Group004Sample0003ABS.dat"
"V04_H_N_3_22_0200"	"varari"	25	"Group004Sample0004"	"Group004"	"Group004Sample0004SEM.dat"	"Group004Sample0001BEM.dat"	"Group005Sample0001BEM.dat"	"Group004Sample0004ABS.dat"
"V02_H_N_3_22_0200"	"varari"	26	"Group004Sample0005"	"Group004"	"Group004Sample0005SEM.dat"	"Group004Sample0001BEM.dat"	"Group005Sample0001BEM.dat"	"Group004Sample0005ABS.dat"
"V14_H_N_3_22_0200"	"varari"	27	"Group004Sample0006"	"Group004"	"Group004Sample0006SEM.dat"	"Group004Sample0001BEM.dat"	"Group005Sample0001BEM.dat"	"Group004Sample0006ABS.dat"
"V11_L_N_3_21_1600"	"varari"	28	"Group004Sample0007"	"Group004"	"Group004Sample0007SEM.dat"	"Group004Sample0001BEM.dat"	"Group005Sample0001BEM.dat"	"Group004Sample0007ABS.dat"
"V16_H_N_3_22_0200"	"varari"	29	"Group005Sample0001"	"Group005"	"Group005Sample0001SEM.dat"	"Group005Sample0001BEM.dat"	"Group006Sample0001BEM.dat"	"Group005Sample0001ABS.dat"
"V17_H_N_3_22_0200"	"varari"	30	"Group005Sample0002"	"Group005"	"Group005Sample0002SEM.dat"	"Group005Sample0001BEM.dat"	"Group006Sample0001BEM.dat"	"Group005Sample0002ABS.dat"
"V20_H_N_3_22_0200"	"varari"	31	"Group005Sample0003"	"Group005"	"Group005Sample0003SEM.dat"	"Group005Sample0001BEM.dat"	"Group006Sample0001BEM.dat"	"Group005Sample0003ABS.dat"
"V06_H_N_3_22_0200"	"varari"	32	"Group005Sample0004"	"Group005"	"Group005Sample0004SEM.dat"	"Group005Sample0001BEM.dat"	"Group006Sample0001BEM.dat"	"Group005Sample0004ABS.dat"
"V11_H_N_3_22_0200"	"varari"	33	"Group005Sample0005"	"Group005"	"Group005Sample0005SEM.dat"	"Group005Sample0001BEM.dat"	"Group006Sample0001BEM.dat"	"Group005Sample0005ABS.dat"
"V18_H_N_3_22_0200"	"varari"	34	"Group005Sample0006"	"Group005"	"Group005Sample0006SEM.dat"	"Group005Sample0001BEM.dat"	"Group006Sample0001BEM.dat"	"Group005Sample0006ABS.dat"
"V03_H_N_3_22_0200"	"varari"	35	"Group005Sample0007"	"Group005"	"Group005Sample0007SEM.dat"	"Group005Sample0001BEM.dat"	"Group006Sample0001BEM.dat"	"Group005Sample0007ABS.dat"
"V19_H_N_3_22_0200"	"varari"	36	"Group006Sample0001"	"Group006"	"Group006Sample0001SEM.dat"	"Group006Sample0001BEM.dat"	"Group007Sample0001BEM.dat"	"Group006Sample0001ABS.dat"
"v10_H_N_3_22_0200"	"varari"	37	"Group006Sample0002"	"Group006"	"Group006Sample0002SEM.dat"	"Group006Sample0001BEM.dat"	"Group007Sample0001BEM.dat"	"Group006Sample0002ABS.dat"
"V05_H_N_3_30_2000"	"varari"	38	"Group006Sample0003"	"Group006"	"Group006Sample0003SEM.dat"	"Group006Sample0001BEM.dat"	"Group007Sample0001BEM.dat"	"Group006Sample0003ABS.dat"
"VReefcrest_O_"	"varari"	39	"Group006Sample0004"	"Group006"	"Group006Sample0004SEM.dat"	"Group006Sample0001BEM.dat"	"Group007Sample0001BEM.dat"	"Group006Sample0004ABS.dat"
"Vseep_K_3_28_1900"	"varari"	40	"Group006Sample0005"	"Group006"	"Group006Sample0005SEM.dat"	"Group006Sample0001BEM.dat"	"Group007Sample0001BEM.dat"	"Group006Sample0005ABS.dat"
"VReefcrest_B_3_27_0200"	"varari"	41	"Group006Sample0006"	"Group006"	"Group006Sample0006SEM.dat"	"Group006Sample0001BEM.dat"	"Group007Sample0001BEM.dat"	"Group006Sample0006ABS.dat"
"VReefcrest_H_3_28_1400"	"varari"	42	"Group006Sample0007"	"Group006"	"Group006Sample0007SEM.dat"	"Group006Sample0001BEM.dat"	"Group007Sample0001BEM.dat"	"Group006Sample0007ABS.dat"
"VReefcrestM_3_29_2000"	"varari"	43	"Group007Sample0001"	"Group007"	"Group007Sample0001SEM.dat"	"Group007Sample0001BEM.dat"	"Group008Sample0001BEM.dat"	"Group007Sample0001ABS.dat"
"VSeep_L_3_29_0700"	"varari"	44	"Group007Sample0002"	"Group007"	"Group007Sample0002SEM.dat"	"Group007Sample0001BEM.dat"	"Group008Sample0001BEM.dat"	"Group007Sample0002ABS.dat"
"VSeep_I_3_28_1700"	"varari"	45	"Group007Sample0003"	"Group007"	"Group007Sample0003SEM.dat"	"Group007Sample0001BEM.dat"	"Group008Sample0001BEM.dat"	"Group007Sample0003ABS.dat"
"VReefcrest_K_3_29_0800"	"varari"	46	"Group007Sample0004"	"Group007"	"Group007Sample0004SEM.dat"	"Group007Sample0001BEM.dat"	"Group008Sample0001BEM.dat"	"Group007Sample0004ABS.dat"
"VReefcrest_D_3_27_1400"	"varari"	47	"Group007Sample0005"	"Group007"	"Group007Sample0005SEM.dat"	"Group007Sample0001BEM.dat"	"Group008Sample0001BEM.dat"	"Group007Sample0005ABS.dat"
"V08_H_N_3_22_0200"	"varari"	48	"Group007Sample0006"	"Group007"	"Group007Sample0006SEM.dat"	"Group007Sample0001BEM.dat"	"Group008Sample0001BEM.dat"	"Group007Sample0006ABS.dat"
"V12_H_N_3_22_0200"	"varari"	49	"Group007Sample0007"	"Group007"	"Group007Sample0007SEM.dat"	"Group007Sample0001BEM.dat"	"Group008Sample0001BEM.dat"	"Group007Sample0007ABS.dat"
"VReefcrest_G_3_28_0800"	"varari"	50	"Group008Sample0001"	"Group008"	"Group008Sample0001SEM.dat"	"Group008Sample0001BEM.dat"	"Group009Sample0001BEM.dat"	"Group008Sample0001ABS.dat"
"VSeep_O_3_29_1100"	"varari"	51	"Group008Sample0002"	"Group008"	"Group008Sample0002SEM.dat"	"Group008Sample0001BEM.dat"	"Group009Sample0001BEM.dat"	"Group008Sample0002ABS.dat"
"VReefcrest_1_3_29_1400"	"varari"	52	"Group008Sample0003"	"Group008"	"Group008Sample0003SEM.dat"	"Group008Sample0001BEM.dat"	"Group009Sample0001BEM.dat"	"Group008Sample0003ABS.dat"
"VSeep_N_3_29_0900"	"varari"	53	"Group008Sample0004"	"Group008"	"Group008Sample0004SEM.dat"	"Group008Sample0001BEM.dat"	"Group009Sample0001BEM.dat"	"Group008Sample0004ABS.dat"
"VSeep_M_3_29_0800"	"varari"	54	"Group008Sample0005"	"Group008"	"Group008Sample0005SEM.dat"	"Group008Sample0001BEM.dat"	"Group009Sample0001BEM.dat"	"Group008Sample0005ABS.dat"
"VReefcrest_P_3_31_0200"	"varari"	55	"Group008Sample0006"	"Group008"	"Group008Sample0006SEM.dat"	"Group008Sample0001BEM.dat"	"Group009Sample0001BEM.dat"	"Group008Sample0006ABS.dat"
"Vreefcrest_A_3_26_1600"	"varari"	56	"Group008Sample0007"	"Group008"	"Group008Sample0007SEM.dat"	"Group008Sample0001BEM.dat"	"Group009Sample0001BEM.dat"	"Group008Sample0007ABS.dat"
"VReefcrest_N_3_30_0200"	"varari"	57	"Group009Sample0001"	"Group009"	"Group009Sample0001SEM.dat"	"Group009Sample0001BEM.dat"	"Group001Sample0001BEM.dat"	"Group009Sample0001ABS.dat"
"VSeep_J_3_28_1800"	"varari"	58	"Group009Sample0002"	"Group009"	"Group009Sample0002SEM.dat"	"Group009Sample0001BEM.dat"	"Group001Sample0001BEM.dat"	"Group009Sample0002ABS.dat"
"empty_NA"	"varari"	59	"Group009Sample0003"	"Group009"	"Group009Sample0003SEM.dat"	"Group009Sample0001BEM.dat"	"Group001Sample0001BEM.dat"	"Group009Sample0003ABS.dat"
