"","500","495","490","485","480","475","470","465","460","455","450","445","440","435","430","425","420","415","410","405","400","395","390","385","380","375","370","365","360","355","350","345","340","335","330","325","320","315","310","305","300","295","290","285","280","275","270","265","260","255","250","245","240"
"248.336",NA,NA,NA,NA,NA,NA,NA,NA,NA,NA,NA,NA,NA,NA,NA,NA,NA,NA,NA,NA,NA,NA,NA,NA,NA,NA,NA,NA,NA,NA,NA,NA,NA,NA,NA,NA,NA,NA,NA,NA,NA,NA,NA,NA,NA,NA,NA,NA,NA,NA,NA,NA,NA
"252.814",NA,NA,NA,NA,NA,NA,NA,NA,NA,NA,NA,NA,NA,NA,NA,NA,NA,NA,NA,NA,NA,NA,NA,NA,NA,NA,NA,NA,NA,NA,NA,NA,NA,NA,NA,NA,NA,NA,NA,NA,NA,NA,NA,NA,NA,NA,NA,NA,NA,NA,NA,NA,NA
"257.296",NA,NA,NA,NA,NA,NA,NA,NA,NA,NA,NA,NA,NA,NA,NA,NA,NA,NA,NA,NA,NA,NA,NA,NA,NA,NA,NA,NA,NA,NA,NA,NA,NA,NA,NA,NA,NA,NA,NA,NA,NA,NA,NA,NA,NA,NA,NA,NA,NA,NA,NA,NA,0.0382520984541624
"261.781",NA,NA,NA,NA,NA,NA,NA,NA,NA,NA,NA,NA,NA,NA,NA,NA,NA,NA,NA,NA,NA,NA,NA,NA,NA,NA,NA,NA,NA,NA,NA,NA,NA,NA,NA,NA,NA,NA,NA,NA,NA,NA,NA,NA,NA,NA,NA,NA,NA,NA,NA,0.0092387702711545,0.00901159428969778
"266.271",NA,NA,NA,NA,NA,NA,NA,NA,NA,NA,NA,NA,NA,NA,NA,NA,NA,NA,NA,NA,NA,NA,NA,NA,NA,NA,NA,NA,NA,NA,NA,NA,NA,NA,NA,NA,NA,NA,NA,NA,NA,NA,NA,NA,NA,NA,NA,NA,NA,NA,0.0596397679803089,0.000413156316502683,0.0241419596134094
"270.764",NA,NA,NA,NA,NA,NA,NA,NA,NA,NA,NA,NA,NA,NA,NA,NA,NA,NA,NA,NA,NA,NA,NA,NA,NA,NA,NA,NA,NA,NA,NA,NA,NA,NA,NA,NA,NA,NA,NA,NA,NA,NA,NA,NA,NA,NA,NA,NA,NA,0.011299230649033,0.0153623678565684,0.0211041015418921,0.00200299212749933
"275.26",NA,NA,NA,NA,NA,NA,NA,NA,NA,NA,NA,NA,NA,NA,NA,NA,NA,NA,NA,NA,NA,NA,NA,NA,NA,NA,NA,NA,NA,NA,NA,NA,NA,NA,NA,NA,NA,NA,NA,NA,NA,NA,NA,NA,NA,NA,NA,NA,0.00753629185602042,0.0103408028972721,0.0138631518934638,0.010061626003134,0
"279.76",NA,NA,NA,NA,NA,NA,NA,NA,NA,NA,NA,NA,NA,NA,NA,NA,NA,NA,NA,NA,NA,NA,NA,NA,NA,NA,NA,NA,NA,NA,NA,NA,NA,NA,NA,NA,NA,NA,NA,NA,NA,NA,NA,NA,NA,NA,NA,0.0115865328242604,0.00688265389149854,0.0220329281908767,0.0242622937283477,0.00574835984149799,0
"284.264",NA,NA,NA,NA,NA,NA,NA,NA,NA,NA,NA,NA,NA,NA,NA,NA,NA,NA,NA,NA,NA,NA,NA,NA,NA,NA,NA,NA,NA,NA,NA,NA,NA,NA,NA,NA,NA,NA,NA,NA,NA,NA,NA,NA,NA,NA,NA,0.0111121743985807,0.0115596496477579,0.0205992478584761,0.00533118475061889,0,0
"288.772",NA,NA,NA,NA,NA,NA,NA,NA,NA,NA,NA,NA,NA,NA,NA,NA,NA,NA,NA,NA,NA,NA,NA,NA,NA,NA,NA,NA,NA,NA,NA,NA,NA,NA,NA,NA,NA,NA,NA,NA,NA,NA,NA,NA,NA,NA,0.0204620110310292,0.0237858100960058,0.034601367901925,0.0189422845678344,0.00937262535460012,0.0137393541504823,0.0144070563060562
"293.283",NA,NA,NA,NA,NA,NA,NA,NA,NA,NA,NA,NA,NA,NA,NA,NA,NA,NA,NA,NA,NA,NA,NA,NA,NA,NA,NA,NA,NA,NA,NA,NA,NA,NA,NA,NA,NA,NA,NA,NA,NA,NA,NA,NA,NA,0.02324244624365,0.0237751371712951,0.0372348633145113,0.026554847667037,0.0200836198451016,0.0172085121201404,0.014080116206453,0.0300148958215048
"297.797",NA,NA,NA,NA,NA,NA,NA,NA,NA,NA,NA,NA,NA,NA,NA,NA,NA,NA,NA,NA,NA,NA,NA,NA,NA,NA,NA,NA,NA,NA,NA,NA,NA,NA,NA,NA,NA,NA,NA,NA,NA,NA,NA,NA,0.0180417719019722,0.0236818990233195,0.0339028165240824,0.0359442838558051,0.024189578349025,0.0198798054965205,0.0169732191392078,0.0123742261540643,0.0315875500858823
"302.315",NA,NA,NA,NA,NA,NA,NA,NA,NA,NA,NA,NA,NA,NA,NA,NA,NA,NA,NA,NA,NA,NA,NA,NA,NA,NA,NA,NA,NA,NA,NA,NA,NA,NA,NA,NA,NA,NA,NA,NA,NA,NA,NA,0.0117891757460179,0.0185731860778756,0.0268718838414104,0.0433717425596472,0.0287237283864548,0.0254046811853446,0.0203549154850815,0.0190361839758783,0.0109456627045792,0.0156191244412173
"306.837",NA,NA,NA,NA,NA,NA,NA,NA,NA,NA,NA,NA,NA,NA,NA,NA,NA,NA,NA,NA,NA,NA,NA,NA,NA,NA,NA,NA,NA,NA,NA,NA,NA,NA,NA,NA,NA,NA,NA,NA,NA,NA,0.00924212286479802,0.0117351294957738,0.0229510637450856,0.0357206545250325,0.0326503786282065,0.0283090051736199,0.0260259373771329,0.0226717946668,0.0172622821331935,0.0164710594753461,0.0165405634766942
"311.362",NA,NA,NA,NA,NA,NA,NA,NA,NA,NA,NA,NA,NA,NA,NA,NA,NA,NA,NA,NA,NA,NA,NA,NA,NA,NA,NA,NA,NA,NA,NA,NA,NA,NA,NA,NA,NA,NA,NA,NA,NA,0.00635836199370909,0.00968011863862325,0.0113178005191746,0.0284394862339923,0.0283702869200119,0.0267664082768663,0.0260089115737801,0.0259756623275085,0.024571126114851,0.016069135241015,0.0171367474136987,0.0160736343173635
"315.89",NA,NA,NA,NA,NA,NA,NA,NA,NA,NA,NA,NA,NA,NA,NA,NA,NA,NA,NA,NA,NA,NA,NA,NA,NA,NA,NA,NA,NA,NA,NA,NA,NA,NA,NA,NA,NA,NA,NA,NA,0.00465904463623241,0.00779327405575118,0.00945856905545808,0.0202245574080881,0.0256503781201704,0.025166620173034,0.0269588137205208,0.0301869932790454,0.0285197444290792,0.0292649650673662,0.0217451014526381,0.0219622877787446,0.0290678942386596
"320.422",NA,NA,NA,NA,NA,NA,NA,NA,NA,NA,NA,NA,NA,NA,NA,NA,NA,NA,NA,NA,NA,NA,NA,NA,NA,NA,NA,NA,NA,NA,NA,NA,NA,NA,NA,NA,NA,NA,NA,0.00284061252367501,0.00460779771283612,0.00678126574316603,0.0138402847201636,0.0189211195201738,0.0188006942115714,0.0223630912623898,0.0249021243292419,0.0264609506966514,0.0290450748060891,0.0217485266969019,0.0213824525745638,0.0151029350231834,0.0174497060825475
"324.958",NA,NA,NA,NA,NA,NA,NA,NA,NA,NA,NA,NA,NA,NA,NA,NA,NA,NA,NA,NA,NA,NA,NA,NA,NA,NA,NA,NA,NA,NA,NA,NA,NA,NA,NA,NA,NA,NA,0.00308213767011685,0.00450339650715214,0.00444966381235499,0.00785711271153069,0.0201391104366545,0.0145877303502838,0.0186075151011235,0.0239970159805579,0.0258136537480963,0.0269723915421988,0.0282938157655912,0.0275878701467636,0.0255098707663765,0.0238002006331353,0.0396827748050766
"329.496",NA,NA,NA,NA,NA,NA,NA,NA,NA,NA,NA,NA,NA,NA,NA,NA,NA,NA,NA,NA,NA,NA,NA,NA,NA,NA,NA,NA,NA,NA,NA,NA,NA,NA,NA,NA,NA,0.00183519379906046,0.00232991870539346,0.00379319949134493,0.00434768655328073,0.0154799393374822,0.016163351064005,0.0117321153512101,0.0167831852849614,0.0205239946213459,0.0244916720226497,0.027360274061761,0.0283240533913037,0.0289041775742784,0.0257326646830342,0.0258546640869535,0.0246469999384471
"334.038",NA,NA,NA,NA,NA,NA,NA,NA,NA,NA,NA,NA,NA,NA,NA,NA,NA,NA,NA,NA,NA,NA,NA,NA,NA,NA,NA,NA,NA,NA,NA,NA,NA,NA,NA,NA,NA,0.00256772924841043,0.0032673225096054,0.00397111856238812,0.00928325360991511,0.0150520770484514,0.0121478192234145,0.0113654401462633,0.0162361638305028,0.0202883860755284,0.023049096217473,0.0253847742002395,0.0278211093271218,0.023503571327542,0.0225450439499937,0.0173283671566362,0.00713158481290618
"338.584",NA,NA,NA,NA,NA,NA,NA,NA,NA,NA,NA,NA,NA,NA,NA,NA,NA,NA,NA,NA,NA,NA,NA,NA,NA,NA,NA,NA,NA,NA,NA,NA,NA,NA,NA,NA,0.00255783925007924,0.00249736051664184,0.00302282246040247,0.00488862651168481,0.0123701149542089,0.0099814407677521,0.0114907584769688,0.0107447988627021,0.014927623871361,0.0185669755763487,0.0223571390097128,0.0247312887116856,0.0264701039992809,0.0240588836460741,0.022036873663823,0.0168570606281117,0.00625640424954523
"343.133",NA,NA,NA,NA,NA,NA,NA,NA,NA,NA,NA,NA,NA,NA,NA,NA,NA,NA,NA,NA,NA,NA,NA,NA,NA,NA,NA,NA,NA,NA,NA,NA,NA,NA,NA,0.00323826277364513,0.00301970573866557,0.00350821687324226,0.00291992211130417,0.00970501184836739,0.00813177284871196,0.00967943302671707,0.0124121149295447,0.0113782808224517,0.0130727084175237,0.0178912400418984,0.0214389082388146,0.0215533765354976,0.0240727656495484,0.0206744526895353,0.0268762726961355,0.0237545994069703,0.0240399095340669
"347.685",NA,NA,NA,NA,NA,NA,NA,NA,NA,NA,NA,NA,NA,NA,NA,NA,NA,NA,NA,NA,NA,NA,NA,NA,NA,NA,NA,NA,NA,NA,NA,NA,NA,NA,0.00220082821415319,0.00328885534659538,0.00395256375544228,0.00287675668576022,0.00915424825594208,0.00933373922327253,0.00734698042675194,0.00958727943636132,0.0120865962291962,0.0122265562474144,0.014747406354715,0.0175964170843904,0.0185450572475798,0.0205352736815831,0.0209540999527501,0.0191064569674727,0.0189415718529059,0.0224825219215087,0.00745579149180648
"352.24",NA,NA,NA,NA,NA,NA,NA,NA,NA,NA,NA,NA,NA,NA,NA,NA,NA,NA,NA,NA,NA,NA,NA,NA,NA,NA,NA,NA,NA,NA,NA,NA,NA,0.00273900955667868,0.00331592804028914,0.00410819432159825,0.00441748217170336,0.0070092126872445,0.00940512400372287,0.00635815880778729,0.00797407063032928,0.00996462680238229,0.0118186442136109,0.0123202670522055,0.0148244814314992,0.0157565249496691,0.0193211942147035,0.0206077064165101,0.0212957668024079,0.0213691369814506,0.0196654048793898,0.0174650905355038,0.0256391494640068
"356.799",NA,NA,NA,NA,NA,NA,NA,NA,NA,NA,NA,NA,NA,NA,NA,NA,NA,NA,NA,NA,NA,NA,NA,NA,NA,NA,NA,NA,NA,NA,NA,NA,0.00141903828036296,0.00214950735688657,0.00273300138551957,0.0035457041623199,0.00402846911011939,0.00940829809714865,0.00528407331001882,0.00632248085797083,0.00711547893706363,0.00886870274423329,0.0108049837363931,0.0106180771005814,0.0118351329481795,0.0138343405064617,0.0143293597036247,0.0155791346060089,0.0167521797634479,0.0170674260115208,0.01234781865121,0.0067396124345267,0.00378755794776574
"361.361",NA,NA,NA,NA,NA,NA,NA,NA,NA,NA,NA,NA,NA,NA,NA,NA,NA,NA,NA,NA,NA,NA,NA,NA,NA,NA,NA,NA,NA,NA,NA,0.00269552909429683,0.00268568802050226,0.00300146561439265,0.00382713877120281,0.00377302883441225,0.010658859643319,0.00741225088619702,0.00648761112764946,0.00718380073446972,0.00770694949230113,0.0098637409053699,0.0122130501468284,0.0105243404121619,0.0123780212813307,0.013315572188544,0.0156990324745574,0.0149032675842277,0.0158305334888434,0.0151110196371418,0.0184249066696666,0.0172509309879715,0.00892898092561917
"365.926",NA,NA,NA,NA,NA,NA,NA,NA,NA,NA,NA,NA,NA,NA,NA,NA,NA,NA,NA,NA,NA,NA,NA,NA,NA,NA,NA,NA,NA,NA,0.00243390433309937,0.00245741393322988,0.0032695763306256,0.00410801469152449,0.00356281609472538,0.00817564871409196,0.00967789905949763,0.00735810018381811,0.00785581860668877,0.00879106446707581,0.00923876321695417,0.0115715553385348,0.0116245252989844,0.0101822969370134,0.0120340018026789,0.0146903303003401,0.0152613596741512,0.0154563600920815,0.0156161667398914,0.0168833179610887,0.0161435440964022,0.0181464805816057,0.0287299073245721
"370.495",NA,NA,NA,NA,NA,NA,NA,NA,NA,NA,NA,NA,NA,NA,NA,NA,NA,NA,NA,NA,NA,NA,NA,NA,NA,NA,NA,NA,NA,0.00115113479014531,0.00225734374920579,0.00297542843011536,0.00342873929443764,0.00376162516508093,0.00600930417759164,0.00909991855436018,0.00689993142606167,0.00717943253376496,0.00789924632117715,0.00855845368324859,0.0103226052026819,0.0108179122734906,0.0113753540597456,0.0112359184545158,0.0112809508941813,0.0116131349293625,0.01315881032494,0.0138544284179368,0.0110685873528793,0.0143226428119795,0.0114926868025249,0.00332473027189688,0
"375.067",NA,NA,NA,NA,NA,NA,NA,NA,NA,NA,NA,NA,NA,NA,NA,NA,NA,NA,NA,NA,NA,NA,NA,NA,NA,NA,NA,NA,0.00168236898144536,0.00233311072000486,0.00311015771259815,0.00321198274010271,0.00413068354725163,0.00468263027039083,0.00989037700897143,0.00882163010745814,0.00880379264983817,0.00903921288442544,0.00953477729429726,0.0107908838942893,0.0101402100739171,0.0124469086062467,0.012917802750249,0.0110675819878783,0.0128428615069324,0.0127488005511462,0.012620758593241,0.0154334880473386,0.0139438074352554,0.0163614522035503,0.0147923801486308,0.0242755024025977,0.0244948980040677
"379.641",NA,NA,NA,NA,NA,NA,NA,NA,NA,NA,NA,NA,NA,NA,NA,NA,NA,NA,NA,NA,NA,NA,NA,NA,NA,NA,NA,0.00151920879458067,0.00167578366122626,0.00203260319640414,0.00278968428820258,0.00360322059909394,0.00372196379578335,0.00836866122122182,0.0089678599785786,0.00810410482812452,0.00868152735033989,0.00886158832767898,0.0104630591551431,0.0104809377309327,0.0104213315191092,0.0124535470679922,0.0121771440318814,0.0115267742323032,0.0127154898128658,0.0121803727779244,0.0118730010393283,0.0135769326010235,0.0123123926943841,0.0108282246302072,0.0114021361856086,0.0118102031872474,0.0164530214742631
"384.219",NA,NA,NA,NA,NA,NA,NA,NA,NA,NA,NA,NA,NA,NA,NA,NA,NA,NA,NA,NA,NA,NA,NA,NA,NA,NA,NA,0.00253762495776529,0.00220337632745436,0.00289669399944518,0.0036644282496169,0.00379871090926425,0.00779656635267402,0.00980751466799636,0.00802284816411105,0.00925329938724936,0.0105025581512684,0.0108679336488633,0.0121718385447884,0.0125814094459845,0.0131712661533857,0.0142479189571448,0.0136166466207896,0.0128375909992366,0.0139691642281817,0.0139362845699063,0.0148228280205283,0.0159242924849743,0.0169298670663764,0.0161686337140183,0.0217168296075337,0.0201093985474564,0.028291992572376
"388.801",NA,NA,NA,NA,NA,NA,NA,NA,NA,NA,NA,NA,NA,NA,NA,NA,NA,NA,NA,NA,NA,NA,NA,NA,NA,NA,0.00134716680245605,0.00199361163958952,0.00293601293468218,0.00322926797671645,0.00388191527047515,0.00551842312889545,0.0094107407511889,0.00798860889432126,0.00829817960393204,0.00976522099657678,0.00987015279271286,0.0113851889490236,0.0123841859990285,0.0129636402255559,0.013413488932908,0.0138311886613272,0.0136058667848139,0.0117611590535811,0.0131690826693147,0.0135156368192117,0.012575353249079,0.0148479418118121,0.0143414796639338,0.015002220662419,0.0195604203716136,0.0212585182351968,0.0270725560667201
"393.385",NA,NA,NA,NA,NA,NA,NA,NA,NA,NA,NA,NA,NA,NA,NA,NA,NA,NA,NA,NA,NA,NA,NA,NA,NA,0.00262861988997222,0.00175414376359887,0.00228287395458201,0.00236690760656395,0.00336954389726796,0.00450248867491502,0.00808696089697993,0.00759205017462999,0.00770630408352918,0.00869314747983108,0.00921111558525075,0.0108315037987113,0.0118629889194771,0.012299547659528,0.0134256528125688,0.0130052355878087,0.0136368296779385,0.0129729216183149,0.0119819884167963,0.0126546223989563,0.013205677452975,0.0135095082677895,0.0136693227417174,0.0122707437094604,0.0133870851754233,0.0138811758701655,0.0167657737644827,0.0333883247151964
"397.972",NA,NA,NA,NA,NA,NA,NA,NA,NA,NA,NA,NA,NA,NA,NA,NA,NA,NA,NA,NA,NA,NA,NA,NA,0.00112756046316958,0.00282715635680184,0.00218321651001247,0.00296162791642688,0.00302017994699853,0.00401768497717699,0.0064263525496988,0.00733944784072281,0.00653602644195899,0.00803704130984399,0.00912688018629809,0.0103298822258052,0.0113311517592208,0.0120553251130514,0.0135187506720545,0.0141821740611578,0.0142853778571042,0.0142617045327473,0.0137579247668513,0.013120228038393,0.0135829428687009,0.0130289077448261,0.0152418715876704,0.0137039744486206,0.0129475169996498,0.0155917336710163,0.019332907677779,0.0250818446011317,0.0220635804751234
"402.562",NA,NA,NA,NA,NA,NA,NA,NA,NA,NA,NA,NA,NA,NA,NA,NA,NA,NA,NA,NA,NA,NA,NA,0.00172344081317775,0.00189427827588343,0.00331344200639039,0.0024798500590875,0.00371038988546069,0.00328874342629805,0.00441390683989642,0.00771484592608098,0.00690881110469639,0.0074185180380154,0.0087520625635873,0.00911758179426474,0.0105109920792268,0.0111527620188762,0.0120317597872884,0.0134851242047938,0.014535767628007,0.0142493494455627,0.0145922520276093,0.0139762607225396,0.012570621197598,0.0135420321509982,0.0135181650635536,0.0132702296892536,0.015634297272458,0.0149199298435923,0.01666540951832,0.0192592086799156,0.0263174721930053,0.0312227950987976
"407.156",NA,NA,NA,NA,NA,NA,NA,NA,NA,NA,NA,NA,NA,NA,NA,NA,NA,NA,NA,NA,NA,NA,0.00169693690827604,0.00157993291726525,0.00210511005819075,0.00332872452613558,0.00305725259368389,0.00324632966881216,0.00404422584147773,0.00674181125597795,0.00672344320803849,0.00712071959387498,0.00786688119995252,0.00871761148177569,0.00930233819923606,0.0107127167792427,0.0114108903589255,0.0126085818602011,0.0137526814758228,0.0149218678756569,0.014881003917419,0.0145413182930966,0.0133047221818698,0.013077745364876,0.0137125310513225,0.0128783388021465,0.0123742346711069,0.0142400948751772,0.0143446707421427,0.0154605207792725,0.0175414893043357,0.0250242925367025,0.0276029062128922
"411.752",NA,NA,NA,NA,NA,NA,NA,NA,NA,NA,NA,NA,NA,NA,NA,NA,NA,NA,NA,NA,NA,0.00107953671182833,0.0012388054919997,0.00154132011523407,0.00225942769678258,0.00345364851548915,0.00316462179945106,0.00354985444025485,0.00593065961662021,0.00653160718569017,0.00563679047877933,0.00719956836320801,0.00785405166252512,0.00853266328783635,0.00996472670190979,0.0107472362681651,0.0113064936367305,0.0125918467585446,0.0135963549876718,0.0139147411671516,0.0147249751367646,0.0148976545495936,0.0132774030110194,0.0125239898665999,0.0131377546310175,0.0130062549545981,0.0130609325924655,0.0137056037588886,0.0140169809036668,0.0154315010260504,0.0163377015609865,0.0194164883853226,0.0240843932618241
"416.352",NA,NA,NA,NA,NA,NA,NA,NA,NA,NA,NA,NA,NA,NA,NA,NA,NA,NA,NA,NA,0.0014398767497064,0.000472392412471402,0.00103138625562953,0.00106714720353079,0.00201675994966043,0.00310168657433793,0.00260719761027137,0.0047768618048512,0.00605511749486265,0.00552616435466627,0.00583850887263707,0.00689697139548061,0.00806188910227838,0.00868024652585249,0.0089545238614349,0.00989009306164035,0.0108335546057766,0.0121293075624581,0.0130676073998149,0.0137272814915255,0.0141480088114623,0.0138476928080367,0.0125443825128167,0.0114965070568157,0.0122387867328439,0.0114308112229898,0.0117499011661532,0.0126708406762685,0.0121761181775482,0.0139799006557582,0.0116239051053266,0.0123451815534134,0.00831283563299816
"420.954",NA,NA,NA,NA,NA,NA,NA,NA,NA,NA,NA,NA,NA,NA,NA,NA,NA,NA,NA,0.00296745600096518,0.00129687948186044,0.00149796257763485,0.00218395598726989,0.00218705948509962,0.00291558548927432,0.00336886684619881,0.00392393411046865,0.00603269289001691,0.00535884948423968,0.00573720199929548,0.00636939167923769,0.00738116878198077,0.00812741046924224,0.00864235401059722,0.00963675077627664,0.0105946705240923,0.0115442899758019,0.0122497199429233,0.0132586808440495,0.0143854828392864,0.0141289603625144,0.0140975183820108,0.0133030726251337,0.0119637992377777,0.0126284458569276,0.013750967304988,0.0137051782210991,0.0142655256255586,0.0135419860560858,0.0132862778636793,0.0170894761604254,0.0163331555627748,0.0124714585908593
"425.56",NA,NA,NA,NA,NA,NA,NA,NA,NA,NA,NA,NA,NA,NA,NA,NA,NA,NA,0.00122839336670278,0.00307111290800215,0.00175418166023476,0.00204256011051771,0.00284667716508142,0.002714072206046,0.00305310025609039,0.0040691366189563,0.0059653683232485,0.00574640354409988,0.00537656636974117,0.00607604933494279,0.00697716002050779,0.00801520573021912,0.00816413717781548,0.00888800753639885,0.00958620200748726,0.0108620981533697,0.0113209732849877,0.0125673520390393,0.0132727090247885,0.0144315123821385,0.0136073573119399,0.0139181453350175,0.0133894744269913,0.0127678534770729,0.01397117373589,0.0129059376111647,0.0136034601311577,0.0151566121720973,0.015209794810354,0.0166168479709512,0.0179525909578866,0.0184842683450744,0.0252826996480171
"430.168",NA,NA,NA,NA,NA,NA,NA,NA,NA,NA,NA,NA,NA,NA,NA,NA,NA,0.0007681177040329,0.00117250620443805,0.00221609290950319,0.00135957401220221,0.00197323703528954,0.00236504329425032,0.00275784061493156,0.00320328664915673,0.00524215977414131,0.00575587164496561,0.00543707455736883,0.00557717581043211,0.00602170777181198,0.00678690649951392,0.00753259698359964,0.00817421852320038,0.00870301436984054,0.00908980462574425,0.00963119335001171,0.0110260251574974,0.012408488055696,0.0125865875668967,0.0132159876675472,0.013267490424198,0.0128043483970574,0.0127443898526244,0.0107557837290592,0.0118608583603122,0.0116431590924119,0.0120343389166073,0.0121437662819395,0.0137984848094903,0.0143457021328238,0.0143154925147803,0.0158715523677305,0.0152713382104543
"434.779",NA,NA,NA,NA,NA,NA,NA,NA,NA,NA,NA,NA,NA,NA,NA,NA,0.00111217476632008,0.00137191458659056,0.0013888471240285,0.00253759995160882,0.00220494899686316,0.00241998789021178,0.0031249325104987,0.00325828855457107,0.00439868120358159,0.0073745627342522,0.00543580492009085,0.00608645715720021,0.00655680494302926,0.00667060621319644,0.0071841482583609,0.00794094514652294,0.00861707227845974,0.00851174910395605,0.00938225248946728,0.00991369080697065,0.0110986257066293,0.0114937775959109,0.0128347332615617,0.0135699442588643,0.0133132304201745,0.0137198679017761,0.0121782736946626,0.0130622602154192,0.0138599813416367,0.0140751147945598,0.0132100065104568,0.0145027065591642,0.0165381301629054,0.0161855129199274,0.0173752892039194,0.0200158276510573,0.0260806576898822
"439.393",NA,NA,NA,NA,NA,NA,NA,NA,NA,NA,NA,NA,NA,NA,NA,NA,0.000950388309168933,0.00113562445516821,0.00145252876595979,0.00249125174225384,0.00243596401306072,0.00253145027447502,0.00297733617610828,0.00405550346505971,0.00615329013756205,0.00632278428478401,0.00558860865838115,0.00649866987637644,0.00666202828114465,0.00669651292760305,0.00732617577889801,0.00775049894925629,0.00859135278091505,0.00831988156752208,0.00928520093471778,0.01003588320921,0.0104790478373358,0.0111580906526518,0.0118803960945364,0.0123949318340585,0.0128969397310277,0.0125403364895585,0.01236456014041,0.0124627355535492,0.0123757764793195,0.0135009821103693,0.0146242797416382,0.0147481378831218,0.015122092231298,0.0171916657954431,0.0182593028102425,0.0153898269905285,0.0154641160036125
"444.01",NA,NA,NA,NA,NA,NA,NA,NA,NA,NA,NA,NA,NA,NA,NA,0.000781823345612569,0.00116074619928082,0.00120171222079809,0.00186278213071362,0.003034657761014,0.00300069207356606,0.0027202908896085,0.0035464165073991,0.00533331069790829,0.00581176087016526,0.00588737525418291,0.005998078986207,0.00644656476030808,0.00653828704582927,0.00708418971081214,0.00778357912991483,0.00787681958405486,0.00836094080944962,0.00845536966999966,0.00879479763965896,0.00959374322386276,0.0106055778743178,0.010804357392609,0.0117206618738533,0.0123771626428585,0.0120681883044214,0.0128361207372136,0.0118463530170966,0.0113653143924647,0.0122927800637255,0.0137107131682554,0.0128089714320091,0.0153089464683649,0.0158857390338647,0.0159336536797627,0.0154248745317131,0.0183202732013416,0.0219984108298228
"448.63",NA,NA,NA,NA,NA,NA,NA,NA,NA,NA,NA,NA,NA,NA,0.0010766039323671,0.00101809658304578,0.00121320973651672,0.00151428743379103,0.00195039705743676,0.00330791319587952,0.00293450874066445,0.00296240001322287,0.00487979514325868,0.0052613641246618,0.00516003079951798,0.00626408977521805,0.00607537807725495,0.00642978549634652,0.00687253759327217,0.00715547201525993,0.00731330323238976,0.00737694044731484,0.0079450453030942,0.00796298373912556,0.00835615967719589,0.0090089892092423,0.00966586062328393,0.0104701665092089,0.0107960497375065,0.0118463969739695,0.011964176021981,0.0116988783021791,0.011486734734895,0.0107826349696177,0.0130871307188508,0.0132879947941424,0.0138420488075301,0.0155710934957776,0.0170385471429225,0.0165415306130737,0.0160771540907657,0.0220191420977196,NA
"453.253",NA,NA,NA,NA,NA,NA,NA,NA,NA,NA,NA,NA,NA,0.000954670617031566,0.00101162486353648,0.00133677498955988,0.0016114991221725,0.00180679929477032,0.00221348120685061,0.00334652610061812,0.00311481349015928,0.00359260883851335,0.00527045086759872,0.00511093550281567,0.00526904943515935,0.0061322193622789,0.00618370639559614,0.00642671309169384,0.00693276394402453,0.00741078301839659,0.00734036794771734,0.00751878599532819,0.00778432864640857,0.00765972734645979,0.00784249807083964,0.0088080575932306,0.00924267693859978,0.00999762162922748,0.0105495188891031,0.0108223446277293,0.0111078362951397,0.0117280130649074,0.0114435768468469,0.0113678920594483,0.012522016874383,0.0129315453104643,0.0139684597572314,0.0152634469847088,0.0154303664953933,0.0152116634250717,0.0170937237153397,0.0196519347748443,NA
"457.878",NA,NA,NA,NA,NA,NA,NA,NA,NA,NA,NA,NA,0.00102598285236038,0.00122351281131398,0.000387070960686588,0.00118307324348243,0.00152542272379589,0.00190467989960631,0.00208970813208984,0.00315386069312404,0.00298073526363738,0.00449924961286498,0.00442711622753075,0.00459237402239348,0.00542770648794045,0.00577331357069742,0.0059197449475324,0.00677048120068792,0.00643465165251748,0.00645355222553978,0.0069421571986282,0.00723683487899251,0.00694023143571109,0.00705965727218902,0.0076368401964383,0.0081733561693046,0.00837060341874311,0.00898432424237815,0.00917354165116416,0.010079484831633,0.0104147853469569,0.0103817433170719,0.0107695395949078,0.010356424490143,0.0120310060539667,0.0127514839962155,0.0125103757493609,0.0150514496662086,0.0133601818305966,0.0181735018020168,0.01722554002604,NA,NA
"462.506",NA,NA,NA,NA,NA,NA,NA,NA,NA,NA,NA,0.00114815119978219,0.000613479754124392,0.00153086679006736,0.00109433686723589,0.00137072585182463,0.00141023375928695,0.00204926735238098,0.00214852056131065,0.00311949495846542,0.00384360233310964,0.00464710309252264,0.0041432456641968,0.00478383960994186,0.0052692059261342,0.00607762907094564,0.00633209985237766,0.00669282495074599,0.00635703713016985,0.00642096948720427,0.00656464848749893,0.00670033097714897,0.0069004394160581,0.0071675313446194,0.00693523306612693,0.00812883606618897,0.00800387757006663,0.008618370950102,0.00925829270338581,0.00971562809564645,0.00958830556457299,0.00973826441709017,0.00967570837052921,0.00966163187653503,0.0111786170483515,0.0125534798007937,0.0137915317890298,0.0134861051811671,0.013898372032482,0.0166014559528758,0.015769889508956,NA,NA
"467.137",NA,NA,NA,NA,NA,NA,NA,NA,NA,NA,0.000671396042133588,0.00051201834320783,0.000792293804073806,0.00113718963897504,0.00116022271472189,0.00143784019179019,0.00120844704570498,0.00184536711565959,0.00212653102361077,0.00300051260186391,0.00522714389217508,0.00388138822519907,0.00425817453395673,0.00445767587236305,0.00494387521209241,0.0055043179239088,0.00579368348823002,0.0061519714150155,0.00618286074832106,0.00619417873752851,0.00611525682732529,0.00616356799265207,0.00657813312243989,0.00644802922582594,0.00685109903111026,0.00712896544112112,0.00738219309422642,0.00752174423451109,0.00831532965963405,0.00839109259017244,0.00894439616604792,0.00934051184016681,0.00905252175708122,0.00948029736060248,0.0109420842398291,0.0115831067685965,0.012651033200894,0.0129665776960693,0.0135433501871857,0.0146341727831685,NA,NA,NA
"471.771",NA,NA,NA,NA,NA,NA,NA,NA,NA,0.00108266635550184,0.000964057747705644,0.00101768172521186,0.000817419317116251,0.00165121846473468,0.00147605492695856,0.0020832512864169,0.00195607774414757,0.00234476929570756,0.00305040267590753,0.00489956744731823,0.00392565241489596,0.00391974154436099,0.00453626946555639,0.00503495441521273,0.00531249618720375,0.00574307961808194,0.00569506997082857,0.00602718573658984,0.00636482555315252,0.00617711777080906,0.00617159835940523,0.00644864201976031,0.00641909474517539,0.00624258202367034,0.00666175212561184,0.00671306516197027,0.00722934860576585,0.00740615119970037,0.00797099154658613,0.00863892890813757,0.00849748262497271,0.00877996272929759,0.00910349766066412,0.00944973348476703,0.0110714593651116,0.0114467136533897,0.0125086484222158,0.0132146283657681,0.0156080739285213,0.0145484221865733,NA,NA,NA
"476.407",NA,NA,NA,NA,NA,NA,NA,NA,0.000603023785327988,0.000480028211169894,0.000592840136941499,0.00069750513737111,0.00094567123312037,0.00117752550937273,0.00122191755545135,0.00159006459336851,0.00198745115686077,0.00223753905663283,0.00333020092289553,0.00416632641849382,0.00411374227368007,0.00378270572718473,0.00409548557480715,0.00416751456988199,0.00526271969634782,0.0057201255152696,0.00535177987257417,0.00567483953058849,0.00557876680293689,0.0055556999923598,0.00560052496102342,0.00634922263263936,0.00547341138551693,0.00546946033219976,0.0056165763379128,0.0057858607386659,0.00620547249875357,0.00696079362264856,0.0068155558369372,0.00774285919434001,0.00760682687558905,0.00801857817236989,0.00816379877337426,0.00880692918820102,0.00921176262110438,0.0101889147195723,0.0109954019810392,0.0116952203839213,0.0129141710974414,NA,NA,NA,NA
"481.047",NA,NA,NA,NA,NA,NA,NA,0.000125787849315297,0.000657289027004206,0.000721454125090641,0.000708198092920662,0.00082907373414885,0.00063796793860677,0.00097413210786197,0.0014735723912512,0.00138228324251592,0.00165002611928364,0.00237464667911348,0.0028018497220487,0.00413810480411209,0.00286273028061126,0.00329214671115543,0.00379164397307341,0.00413756716517564,0.00495803376032827,0.00509714745725997,0.00503724401844939,0.00528245355263309,0.00532015501576056,0.00533218815842921,0.00518706428931991,0.00534512632725524,0.00512793423092485,0.00517786063829848,0.00516864884801554,0.00567362011320357,0.00605933093591956,0.00623872601066887,0.00659943151679726,0.00701558579576763,0.00735420480054276,0.0072806943894098,0.00789351039182419,0.00788723512585506,0.00887524769471533,0.00922679313790193,0.010273215163485,0.0103246587851469,0.0132497942430709,NA,NA,NA,NA
"485.688",NA,NA,NA,NA,NA,NA,0.000598873427020371,0.000282404274771216,0.000392225184898453,0.000433836110976066,0.000561738317961634,0.000609793672793097,0.000918113151476678,0.00106282342938537,0.000953426575899535,0.00150475308012714,0.00168769889870571,0.00298612300386018,0.00273670555012163,0.00355250324920513,0.0035728135597678,0.00343204722337809,0.00418923954990889,0.00460525988868041,0.00429349325050544,0.00472343699422714,0.00481684949488611,0.00567229919172772,0.00456286808051652,0.00491504193751567,0.00514661285768944,0.00524356604268312,0.00511295598220384,0.00543179743296232,0.00495399637397735,0.00532742205662214,0.00554314226837713,0.00604608215290141,0.0060683069824023,0.00617773559242214,0.00641828719539037,0.00722292666115628,0.00791241296390536,0.00729237245965308,0.00819952880432223,0.00937262732751318,0.00974355701056877,0.0116337470620035,0.0121739399065469,NA,NA,NA,NA
"490.333",NA,NA,NA,NA,NA,NA,0.000610930607932565,0.000454912416089462,0.000577778182759618,0.000618870305113392,0.000784217578763886,0.001131311566368,0.00126563363084146,0.00179601147874801,0.00190551074044113,0.00183053981506006,0.00253899138567658,0.00307520835195722,0.00293543470658958,0.00361116698733207,0.00376612715649799,0.00332547366572319,0.00398127456146842,0.00432550554268505,0.00468251589588421,0.00474721873139225,0.00496745785954562,0.00480830034822596,0.00528449652472693,0.00506211611430248,0.00491340544220571,0.00502791992720589,0.00487176407602728,0.00489873082554031,0.00507190468184869,0.00541866215472652,0.00533248998669763,0.00566734187764951,0.00568507403092285,0.00624976794597967,0.00632547118604121,0.00666495480189668,0.00693175336313033,0.00704797126203149,0.00883370439582719,0.00956540900314772,0.00993434770650747,0.0102629061278342,NA,NA,NA,NA,NA
"494.979",NA,NA,NA,NA,NA,0.000219859585995273,0.000727590249360271,0.000406240765784493,0.000624372569150472,0.00082588816002955,0.000912648155635556,0.00118112616178958,0.00125367565406475,0.00176932726238989,0.00164872374980533,0.00168269817929992,0.00314360217018597,0.00238879851339793,0.00296125516753889,0.00365483899637055,0.00339432253131678,0.00342209122223272,0.00389175640436247,0.00444445008171769,0.00433586220967673,0.00454175784232547,0.00442376683650066,0.00447768127907187,0.00463921436198408,0.00493204280862454,0.00496556840106031,0.00474780716027625,0.00471876132219396,0.00487429927234344,0.00494715310567198,0.00500642401183349,0.00526968252582661,0.00492535477431494,0.00547410003217066,0.00586230289466514,0.00614283900958723,0.00633671296894403,0.00658704792961014,0.00646015276388309,0.00814699758767163,0.00844091732543295,0.00980219298133154,0.0105226618122165,NA,NA,NA,NA,NA
"499.629",NA,NA,NA,NA,0.000339627049039025,0.000548362875002646,0.000548145149577477,0.000425131317104744,0.000698303777620716,0.000697877991341183,0.00104575336844963,0.0010438361941985,0.00120755974341468,0.00104305828980952,0.00170620072980237,0.00202015018514105,0.00211904242890852,0.00226074151777935,0.00262217861853878,0.00310586978261237,0.00330571429220145,0.00355348314221326,0.00378792447269103,0.00365754832989502,0.00422460351713122,0.00426724033093406,0.00447812804305022,0.00443590893404532,0.0045607161341687,0.00431391526110486,0.00446927016044741,0.00411605360355993,0.00423116661889516,0.00452624101643719,0.00418181504235724,0.00443372082615916,0.00496051867050041,0.00426529289235035,0.00492619684497634,0.00494339303903998,0.00541888386463866,0.00592075986674024,0.00616563223879573,0.00668057394089325,0.00715505658382288,0.00823243375824073,0.00904069630269992,NA,NA,NA,NA,NA,NA
"504.281",NA,NA,NA,1.36836211431179e-05,0,0,0.000409220988333058,0.000410055720045637,0.000658504141288903,0.000745329364775255,0.000857471913369785,0.00093067272851822,0.00106943432532752,0.00132706635942073,0.00166647799247104,0.00197068077543903,0.0015350692818536,0.00210316516635309,0.00210462663966843,0.00290226499313435,0.0022783648921033,0.00226683524499066,0.00302584981774108,0.00334056369858143,0.00355131908377548,0.00405206429600552,0.00402256726994179,0.0038664492610519,0.00419674173319163,0.00384584725116281,0.00397173669148325,0.00405373084834026,0.00372577654670122,0.00366525970341708,0.00378373008264014,0.00379387957536711,0.00395310139200862,0.00404827471182057,0.00419225616541286,0.00488369613441469,0.00458688806718961,0.00497644593782373,0.00510013830828736,0.00571805646170035,0.0058653898408713,0.00705160748681484,0.00866931937071263,NA,NA,NA,NA,NA,NA
"508.936",NA,NA,0.000477189751142952,0.000693937785099907,0.000457764832285624,0.000581217054550118,0.000713569762639905,0.000639212741149803,0.000819623747248474,0.000867066410131412,0.000943298024979702,0.00121781395018232,0.00150829857506635,0.00167178097242777,0.00163119063185183,0.00185102305178572,0.00192686916738416,0.00230078516710393,0.00263182075600734,0.00316653446872085,0.00323403581214917,0.00342280563716859,0.00364947104059491,0.00356344568835775,0.00349197712765364,0.00421602501657259,0.00407338005306229,0.00402466481745449,0.00391740274844678,0.00385519898035149,0.00350313328851205,0.00381002565323409,0.00385204886402528,0.00378284309220845,0.00374586458105863,0.00425629538925388,0.00401470634993346,0.00443853026925429,0.00438645897619031,0.00512041251239673,0.00481231586340698,0.00525614953342547,0.00499161399466864,0.00574037140582017,0.00649908042847331,0.00682198001785546,NA,NA,NA,NA,NA,NA,NA
"513.593",NA,0.000814833280044937,0.000303828353444196,0.000425051147142093,0.000175127362025901,0.000417379889352695,0.000559937889026626,0.000611465434808299,0.000620953997545305,0.000809401949002655,0.000979436408064665,0.000875813946419704,0.00152926681390622,0.00185053199415061,0.00174386462845041,0.00179161062506664,0.00202899436720788,0.00234077489508134,0.00230942259922977,0.0026880676569795,0.00276663189165334,0.00287152138599622,0.00330723251567128,0.00311743545961849,0.00313356106833544,0.00361841757801603,0.00352030051013906,0.00340072673275963,0.00351823772074195,0.00342066882965279,0.00331360668605105,0.00329389099424713,0.00328487747692231,0.0030994248827535,0.00320045481092505,0.00370701483652237,0.0034038738338891,0.00363186518635076,0.00395377531718779,0.00444088290397605,0.00402429513791982,0.00482937340178072,0.00550082839909505,0.00504830504345442,0.00592772157161929,0.00709391775385387,NA,NA,NA,NA,NA,NA,NA
"518.252",0,0.000915085406355198,9.18511066722391e-05,0.000419601991442493,0.000596265687649127,0.000405229647932103,0.000646600219826852,0.000768868973468601,0.000846733166759283,0.00074415032612608,0.000866278024686294,0.00147368016423374,0.00185210602760477,0.00188153053571526,0.00176499182097077,0.00162713385796435,0.0018188656828618,0.00199953476177925,0.00241424604626263,0.00270692409740413,0.00276703418888898,0.00287752196305394,0.00322980024765231,0.00286101393585685,0.00303724806550931,0.00335957329314489,0.00334586292977336,0.00351574547363944,0.00336591312486347,0.00332528302474897,0.00355400586352905,0.00326623582283701,0.00346442941649307,0.00326605909382365,0.00330332663192541,0.00321436527892652,0.00345077892184295,0.00335301931652637,0.00382484583560653,0.00393085568437642,0.00392670230118284,0.00454343688447002,0.00472073575296833,0.00476916047057226,0.00579745562802431,NA,NA,NA,NA,NA,NA,NA,NA
"522.914",0.000195569929542344,0.000590451211427644,0.000411670220787245,0.000549829590092828,0.000123863803583535,0.000569060580413831,0.000453359868707169,0.000621742961193529,0.000578189291183576,0.000718342568209595,0.000779744807795515,0.000962388716637438,0.00170161079239373,0.000858026560432119,0.00155151065679632,0.00166742594577882,0.00163051784843985,0.00186056163821812,0.00216774906944408,0.00258639117039311,0.00288570065333978,0.00259466239456972,0.00243135261954668,0.00296410836901845,0.00294901503756798,0.0027938905395238,0.00297586679970862,0.00296003343289283,0.00298198038579155,0.00276887212907142,0.0027348236988617,0.00291439756714441,0.002988482353975,0.0028174312192648,0.00287809160765034,0.00336437782458267,0.00294353262374689,0.00303222591809025,0.00314607717397586,0.0036337672871251,0.00379360781347915,0.00375536830742418,0.00363389471687776,0.00443281344206649,0.00555293050248193,NA,NA,NA,NA,NA,NA,NA,NA
"527.579",0,0.000326894456701093,0,0.000133064459674528,0.000365118230012765,0.000419989070496978,0.000477976225314163,0.00050964684507271,0.000719394827835918,0.000558511724651771,0.000490382653929184,0.00151376978291308,0.00107195409231012,0.000915170084753845,0.00116019669509127,0.00133686788290407,0.00151494828951173,0.00140589774848249,0.00181211861802441,0.0021126871261891,0.00210075564488423,0.00199836967556355,0.00225014090659102,0.00210694722474076,0.00229795958553385,0.00277534318706784,0.00260483569243277,0.0023949896582859,0.00267329128417885,0.00269411022381774,0.00248155157607613,0.00259008930002475,0.00246062031465757,0.00250453773630694,0.00260822193969186,0.00284186728410466,0.00244618244786819,0.00239745647985891,0.00270576444729668,0.00301073800460999,0.0030579923958025,0.00349982307693033,0.00399472369609202,0.00390584670345482,NA,NA,NA,NA,NA,NA,NA,NA,NA
"532.245",0,0.000951050989172137,0.000492958045307151,0.000452161193999828,0.000636971040787297,0.000628931726983307,0.000690467519046089,0.00065599561664532,0.000742771795897141,0.000864685757313909,0.00138900720777543,0.00156093302893469,0.00141589065460258,0.00101144656289877,0.00173875840575989,0.00137385979357619,0.00157215907481437,0.00159666474079666,0.00218958977633279,0.00230519510904945,0.00223681304867287,0.0023162632537359,0.00212757453612895,0.00244470153050692,0.00271688644484217,0.00254106745335674,0.00275948791562431,0.00276243291998342,0.00280033160673149,0.00255792337752944,0.00278699773601016,0.00280453158652947,0.00272851079534455,0.0028360974731769,0.00262804834915763,0.00291345753444546,0.00296534558488858,0.00256530371781002,0.00287533270749012,0.00326265048977696,0.00361817522773372,0.00375736266047107,0.00356510435593753,0.00375460173047311,NA,NA,NA,NA,NA,NA,NA,NA,NA
"536.915",0.000205656622617462,0.000176417590719821,0.000126217559385463,0.000169231816743891,0.000329648429430874,0.000323631659460583,0.000615999637897671,0.000560607502655046,0.000818966970486113,0.000892712257881249,0.00109345884885346,0.00104748035997278,0.000840853349679089,0.000972387990949687,0.000981597556453839,0.00130638481289908,0.00155532847717226,0.00140265914095633,0.00166324438689222,0.00185777764562707,0.00227352961552207,0.00189031040838765,0.00185509882101,0.00209304831307594,0.00200918691116986,0.00230629409205895,0.00199616738472275,0.0024104685877755,0.0021186921883615,0.00215077963805031,0.00200783283874449,0.00242129347556974,0.00214742775289559,0.0019494655128138,0.00237812506701842,0.00185526394669673,0.00203825506017548,0.00243368247305968,0.00216935418605467,0.00222483971823838,0.0025654128321149,0.00239959557269756,0.00345863313354605,0.00311947158645292,NA,NA,NA,NA,NA,NA,NA,NA,NA
"541.586",0.000449709548658696,0.000553260899775001,0.000241067812055489,0.000612551959630309,0.000783901156901079,0.000588023035120652,0.000748787197007205,0.000574480653039918,0.000948942486433418,0.00131175991635492,0.00138979430675133,0.00148326516868208,0.00115833709568304,0.00146103597052733,0.00146037292463716,0.00169532228731166,0.00179952185785619,0.00189510634433604,0.00188043824808053,0.00219604445287718,0.0021144434480318,0.00208693919435928,0.00228943871571305,0.00250593802733097,0.00262063879973192,0.00282890488716981,0.0025052009282119,0.00271545159647463,0.00249309023029655,0.00245622946191744,0.00236691903865609,0.0025325059892709,0.0024816952411738,0.00245709918605842,0.00230930808367359,0.00255197113011715,0.00248261851229454,0.00256236786428718,0.00248317057853414,0.00333117898127075,0.00353444733523451,0.00405056617389651,0.00362697918455863,NA,NA,NA,NA,NA,NA,NA,NA,NA,NA
"546.26",0,0.000602497455074539,0.000315361926153377,0.00032453634299098,0.000529884291275633,0.000130425543106503,0.000728568981307873,0.000504817954843529,0.000958691341370705,0.00102388779173109,0.00089320530650392,0.000896785294107927,0.0010364254439556,0.00128372863386295,0.00108012573138736,0.00110793933639743,0.00104548872518747,0.00164170632933544,0.00161190096404758,0.00206160698387196,0.00170457895932359,0.00183072670326264,0.00202188881029747,0.00224965134831704,0.00210763535068523,0.00211396799583188,0.00180193413322269,0.00198760201362691,0.00218004673304687,0.00216205158857867,0.00226230949063059,0.00228023332950915,0.00199692712406311,0.00194483006017918,0.00215610772559697,0.00234282864937769,0.00228107331752779,0.00242928135129454,0.0022383940420578,0.0028920407127435,0.0025720197075387,0.00285425731764877,0.00275851326776378,NA,NA,NA,NA,NA,NA,NA,NA,NA,NA
"550.936",0.000197899196234451,0.000668470938369476,0.000275813821372397,0.000696228516443156,0.000726790000763744,0.000742901564503485,0.000625527287269315,0.000918754431655132,0.00123850654107835,0.000877540030189697,0.00116976924482358,0.00115582488110531,0.000975903217415363,0.00110868305134902,0.00130494114130425,0.00146630422447901,0.00141126791303806,0.00166382799063929,0.00164175400614708,0.00197218594793832,0.00192701922004243,0.00173305675526372,0.0016664163645394,0.00176468411473976,0.00185587839174965,0.0019443910458596,0.00225977561047328,0.00203862701870865,0.00213318406243003,0.00204475394463585,0.0017471109358384,0.00241156832422423,0.0021836461099847,0.00181723385788324,0.00180552514632243,0.00199762251273957,0.00203064137264597,0.00236267845456143,0.00248665123674789,0.00265051544345113,0.00230238100617699,0.00336704857464592,NA,NA,NA,NA,NA,NA,NA,NA,NA,NA,NA
"555.615",0,0.000365632188890733,2.46118630216439e-05,9.49991626108545e-05,0.000176524195885418,7.86157264329374e-05,0.00048720480853525,0.000805328873249196,0.00054537113623275,0.000367032045804924,0.000824388655894984,0.00080623795285695,0.000704641651209461,0.000849831619071286,0.000814168849256285,0.000969939448000997,0.000730671169515351,0.00118518432289425,0.00111285995999433,0.00126739607899291,0.00111659665229926,0.00118055731718964,0.00125996491894216,0.00112036612141087,0.00168706209714223,0.00160051356892188,0.00139157328941755,0.00144726649212145,0.00109901447006357,0.00128632307758393,0.00156126935330467,0.00134385531998099,0.00157536693677302,0.00112399574086418,0.00156668002961977,0.00133747179806979,0.00165755844698265,0.00154024228399438,0.00147796740377467,0.00183605925625663,0.00174079557038356,0.0022947477206131,NA,NA,NA,NA,NA,NA,NA,NA,NA,NA,NA
"560.296",0,1.17976430965711e-05,0,0.000230271046838306,0.000428755774542533,0.000311227393339278,0.00095885378844382,0.000865371712713636,0.000493218286760326,0.000609934410202351,0.000592375823937033,0.000197905149834292,0.000841600155350241,0.000932549967018947,0.000891226518742842,0.00104423505945648,0.00112131947128292,0.00124241912284655,0.000787040677022114,0.0011709940280055,0.00115441429621267,0.00149404328226202,0.00144981413321913,0.00151894546267986,0.00166567100959709,0.00166375160908261,0.00142786357578996,0.00147468953285995,0.00155473031221302,0.00148579056161862,0.00148255291269099,0.00150928633801989,0.00131947209650968,0.0012232248304647,0.0016898273418769,0.00155532144799364,0.00131869638201119,0.00159459443375732,0.00170915662925765,0.0018729626633692,0.00213129380527219,NA,NA,NA,NA,NA,NA,NA,NA,NA,NA,NA,NA
"564.979",0.000135357431880205,0.000717193416559224,0.00034362347712126,0.000663541174303672,0.000378894391646327,0.00104429429947928,0.000694311443667259,0.000715118744801246,0.000840595817176154,0.000674436642540486,0.000827354159764276,0.00083795226814373,0.00110319864956,0.00129723870662755,0.00111922710312596,0.00114690075111216,0.00127968207307763,0.00118783846075317,0.0012027483007645,0.00165973375057614,0.00127642501874675,0.00187144208770004,0.00151539795617871,0.00158329491621513,0.00156759622947499,0.00201388569761951,0.0016412937677056,0.00197343488724013,0.0015901763215317,0.00160164600420164,0.00143280499472197,0.00148077729653759,0.00158385507101007,0.00141460033362908,0.00161301909553944,0.00138193626395109,0.00155946951196187,0.00157185171041496,0.0020177450584981,0.00204000113017527,0.00239961681295329,NA,NA,NA,NA,NA,NA,NA,NA,NA,NA,NA,NA
"569.664",5.28800378341975e-05,0.0005300156970095,0.000317793312687048,0.000324877924374098,0.000560869351152015,0.000685462166010948,0.000706656739996957,0.000384974756919435,0.000637638319921446,0.000580700882957567,0.000695742204136484,0.000759409876798035,0.000760296198399688,0.00110557283688907,0.000656896507306123,0.000735210092589559,0.000829382783858114,0.000939698582640295,0.000879131107085427,0.00156864792956288,0.0013383554260329,0.00143302411546107,0.00122932311876925,0.00135895363831956,0.00125442084104211,0.00137791074417754,0.00108377487699792,0.00124836316166622,0.000983206942849217,0.0012974796479209,0.00151872569476106,0.00147043741647143,0.0013835836430193,0.0012241849480785,0.00154469046516609,0.00138879799708591,0.00154301536653396,0.00127963714529611,0.0015202657427868,0.0017483354042897,NA,NA,NA,NA,NA,NA,NA,NA,NA,NA,NA,NA,NA
"574.351",0.000230529382083708,0.000550505286377179,5.78775031244701e-05,0.000446864837592115,0.000746028185202911,0.0010146759979898,0.00050028015171093,0.000480356409850322,0.000693007534995477,0.000622446631936427,0.000516453474218799,0.000661418812388654,0.000913326282565857,0.000721303426987788,0.000931156231109555,0.00103693830065619,0.000735373148683052,0.00111029707536628,0.000984671704820477,0.00133859341878622,0.00111078093326154,0.00144478420617199,0.00132151093987948,0.0014013376225364,0.00132387573405585,0.0015934057711385,0.00123401635728869,0.00122739958276811,0.00131997517347768,0.0013419800839199,0.00128552607016976,0.001182825159083,0.00136441564248537,0.0013031031087394,0.00109559916939704,0.0011622532503376,0.00131910352506771,0.00124507024268016,0.00158444456221819,0.00179729898678976,NA,NA,NA,NA,NA,NA,NA,NA,NA,NA,NA,NA,NA
"579.04",0.00051447980304024,0.000503609242157791,0.000338982544242331,0.000595489438011716,0.00115716590306506,0.000397851542965671,0.000559334787883077,0.000519377265989751,0.000735788818649108,0.000560411972140882,0.000695086112810534,0.00076325693108884,0.000918350175391285,0.0010274167133175,0.000884732124900962,0.00109130375225504,0.00101915595242508,0.00112366094257462,0.000982666368899204,0.00128459105120883,0.00149925453059246,0.00120793584177589,0.00129037804088093,0.00111131479941312,0.00132946179259997,0.00110958069069104,0.00108694913622081,0.0011978729040152,0.00146711064358884,0.00123344729290785,0.00148086803976562,0.00123357668521299,0.00146321819866752,0.001104256020346,0.00127844928717228,0.00153293098474869,0.00160215993529235,0.0015232940265793,0.00174349957278974,NA,NA,NA,NA,NA,NA,NA,NA,NA,NA,NA,NA,NA,NA
"583.732",0.000130612014203361,0.00035454442050527,0.000576088234563427,0.000634190169885408,0.000514286286400952,0.000587013515846243,0.000324679040520841,0.000528122529393381,0.000389643322436101,0.000519234156430043,0.000688807716227807,0.000624779697854663,0.000635556608376033,0.000760909494464515,0.000700223126863255,0.000537076544272328,0.000746695000567866,0.000938530333456752,0.000944204931856932,0.00116379318356021,0.00085097167706186,0.00078124039919236,0.00096832079501332,0.00118828949904211,0.00112116606264161,0.00113582871331203,0.0014856240491159,0.00119546640220749,0.00136860691957063,0.00116355434544899,0.00126554724116221,0.00102554288142474,0.00105930379623562,0.00099124814174957,0.000669522513542692,0.000838725250475763,0.00141211935622704,0.00111393915836003,0.00127404540925651,NA,NA,NA,NA,NA,NA,NA,NA,NA,NA,NA,NA,NA,NA
"588.426",0,0,0.000275795264060985,0.000360923446761632,9.88623379870063e-06,1.66171729440023e-05,0.000190084015400474,0.000295974922568746,0.000412121870030763,0.000543315001984093,0.000278405944402471,0.000353391993732157,0.000332668416592763,0.000538755176527239,0.000641808606353412,0.000594752880386888,0.00040303910479148,0.00046149986528966,0.000736959309256804,0.000933612704576137,0.000661716108882837,0.000440554484360406,0.000678397474870335,0.000736202772462829,0.000478262607923399,0.000793717114077381,0.000695617286466416,0.000762154786191509,0.00078668936392093,0.000978822436707089,0.0006905279476366,0.000696535340824675,0.000262990973293514,0.000760823490225286,0.000814974171263756,0.000427132446977023,0.000695777245604282,0.000827159344613471,NA,NA,NA,NA,NA,NA,NA,NA,NA,NA,NA,NA,NA,NA,NA
"593.121",0,0,0.000656909286767694,0.000405606593916444,0.000255517963289058,0.000263900765625381,0.000379860870685559,0.000284376437291792,0.000218543785140224,0.000201900324037143,0.000282208986831614,0.000587655012101682,0.000288419867218903,0.000880776600012497,0.000648224855870937,0.000693029783333139,0.000456442470108584,0.000593318824977724,0.000539319146470132,0.000356763384336111,0.000556475500094374,0.000549577722036121,0.000850263013061135,0.000757754204565073,0.000675899082643826,0.000863350500816928,0.00059295171333381,0.00089078551492626,0.0008542766776016,0.000996440160946415,0.000669332132145602,0.000591467474539059,0.000624838171789494,0.00110048711002082,0.000490831819419228,0.000962520726325714,0.000721310101468652,0.000687775876273634,NA,NA,NA,NA,NA,NA,NA,NA,NA,NA,NA,NA,NA,NA,NA
"597.819",0.000605266621478262,0.000812037448308589,0.000366102762093905,0.000521934663378071,0.00055288784346361,0.0004567175860936,0.000258909842932511,0.000390745010735636,0.000538818620517918,0.000434680112180108,0.000835054113304837,0.000963727829705288,0.000909246283543007,0.000319033978717828,0.00106710289369021,0.000712366656332777,0.000612326086679024,0.000524748720569354,0.00122290032593924,0.00128570074931152,0.000704268696862596,0.000849326558032714,0.00111296950584688,0.000588065796918917,0.000781433601196718,0.000871717430631043,0.000800567733517346,0.00107312135913434,0.000846173434367126,0.000913784423185106,0.00077307433867024,0.000967029833360772,0.000754689987735807,0.00105861424964786,0.000847213561739626,0.000926081126756341,0.00120973227311186,0.00101610216524119,NA,NA,NA,NA,NA,NA,NA,NA,NA,NA,NA,NA,NA,NA,NA
"602.519",0,0.000459450139463276,0,0,3.35098026055984e-06,0.000256544039271678,9.27239201173086e-05,0.000132019233380053,0.000142298791399332,0.000286452715415195,0.000264742651702683,0.000267691831698746,0.000269355189614534,0.000380048162900437,0.000679114960630699,0.000441726286656236,0.000318674805866387,0.000273517902236535,0.000656488209994861,0.000646366961895678,0.000434191201671021,0.000859968516245422,0.000516751544172381,0.000144172069753122,0.000562720408994008,0.00057359293585432,0.000575168489903747,0.000559207802319122,0.0007788534241374,0.000430622184304565,0.000599498706373867,0.000508323816361946,0.000954624636515153,0.000321506930310754,0.00055474877275027,0.000350408467673589,0.000507784919778172,NA,NA,NA,NA,NA,NA,NA,NA,NA,NA,NA,NA,NA,NA,NA,NA
"607.221",0,0.000113233172373398,0.000362738030056938,0.000141828863274052,0.000141456631500248,0.000136511695150597,0.000456440828382774,0.000433616540177607,0.000402687946041839,0.000536775532101793,0.000156760496725103,0.000382741302595926,0.00016134964108903,0.000652336893262144,0.000489139581951772,0.000561317822374534,0.000407772056918353,0.000635133228774912,0.000735018746792874,0.000822283939201426,0.000763968254858086,0.000592721563822421,0.000626352944216438,0.000366317999948681,0.000726114687975733,0.000799627180523301,0.000656502746186437,0.000882077221014778,0.000714178441583883,0.000409040730488307,0.000821188373010086,0.000579920158858345,0.000613839902473866,0.000739737312675501,0.000759957215475054,0.000806324061698695,0.000682124487435625,NA,NA,NA,NA,NA,NA,NA,NA,NA,NA,NA,NA,NA,NA,NA,NA
"611.924",0.000165450312555795,2.54055324583158e-05,0,5.71716240865597e-05,0.000238853701319977,0.000205137361199046,9.86545417207074e-05,0.000322451170093842,0.000146947385114511,0,0.000256142970758465,0.000337350538440567,0,0.000165598856966253,0.00014482496172098,0.000411485458150979,0.000104133384323776,0.000450753473012529,0.000375061191742263,6.58710899091591e-05,0,0.000415200481429254,0.000291499307954825,0.000307425663877121,0.000254038420984276,0,0.000764855334039746,0.000443855459655257,0.000497104110056318,0.000315263797737311,0.000572014931570789,0.000446632042526974,0.000334146148709462,0.000202139405178432,0.000424660199909921,0.000439998416610779,NA,NA,NA,NA,NA,NA,NA,NA,NA,NA,NA,NA,NA,NA,NA,NA,NA
"616.63",0.000541972825036682,0.000543239790782717,0.000659168454166964,0.000238349331892101,0.000238390017893612,0.000332098219449998,0.00031860199144737,0.000529937759601833,0.000466967213295176,0.000431355178919558,0.000578085787289468,0.000629801203343748,0.000581601946148506,0.000491820351604263,0.000813144214446569,0.000339575197206091,0.000821755184768448,0.000587788631083363,0.00101607207032372,0.00119879754927831,0.000767645321029884,0.000627871145287167,0.00121281696056059,0.000839489294473431,0.000920091510820669,0.00102438512428675,0.000692937420249206,0.000722507757503839,0.00098186679749064,0.000932466899331849,0.000954912797335055,0.000815626328048742,0.000849063057211846,0.000801452500277552,0.00101457467637204,0.00118746401294165,NA,NA,NA,NA,NA,NA,NA,NA,NA,NA,NA,NA,NA,NA,NA,NA,NA
"621.338",0.000737421139251845,0.000492111557271984,0.000136005227472586,0.000254559721290154,0.00051505762008403,0.000366187169576397,0.000314453491967556,0.000399094091529687,0.000271183460211,0.000582100712010202,0.000416231825243396,0.000628059338925513,0.000403727870157872,0.000657699149082593,0.000294287330847019,0.000638608311369294,0.000800459566886059,0.000538400579694256,0.000724666083737181,0.000675092174034557,0.000667210486641531,0.000950999331877139,0.00074416983838604,0.00100258963319205,0.000544887424404369,0.000722622055913019,0.000739004882118374,0.000569930369296937,0.000446192263709582,0.000704750394672968,0.000919801899840453,0.000592581714741676,0.000581192346388017,0.000461500849226643,0.000900411376811413,NA,NA,NA,NA,NA,NA,NA,NA,NA,NA,NA,NA,NA,NA,NA,NA,NA,NA
"626.047",0.000536672154730032,0.000630335142620717,0.000329588630204901,0.000257188492989783,0.000430748393687369,0.000268597271508295,0.000172034045179282,0.000169923569259712,0.000413733604241635,0.000358192534013069,0.000428787202831594,0.000237197926838503,0.000570818615651972,0.000585554212314331,0.000511144400249618,0.000563873591502926,0.000382119055507968,0.000312051214147844,0.000683960234515215,0.000803480971329674,0.000966929736224965,0.000446859935068612,0.000673901159470907,0.000779155011648813,0.000782626825164496,0.000309895140351932,0.000646900842946827,0.000456304144356456,0.000338739078588431,0.000925280013020953,0.000628280461982439,0.000902534249582513,0.00070041388712114,0.000598430374305529,0.00062734175609574,NA,NA,NA,NA,NA,NA,NA,NA,NA,NA,NA,NA,NA,NA,NA,NA,NA,NA
"630.758",0,0.000309761975496415,0.000118917871747577,0.00031540580458182,0.000132122768075362,2.89445365622426e-06,0.000287412679598805,0.000157743828247367,0.000285410330912987,0.00012492830813353,0.000288509181300537,0.000360910477723569,0.000214510479347962,0.000182341540409924,0.000343217954703977,0.000283271642050225,0.000115152901119389,0.000336772580553407,0,0.000386719219180502,0.000287811641572667,0.000688946509551465,0.000346102224235317,0.00048674276895989,0.000537975211684542,0.00033035980476378,0.000383959781992876,0.000491849011019481,0.00019173237875863,0.000432134260538144,0.000551192687292614,0.00038393920948396,0.000444898257910599,0.000697275669724722,NA,NA,NA,NA,NA,NA,NA,NA,NA,NA,NA,NA,NA,NA,NA,NA,NA,NA,NA
"635.471",0,1.73780678161431e-05,0,0.000172142887460909,6.82324167382126e-05,0,0,0.000128654842556864,0.000312071647496111,0,0.000282479286750494,0.000149659149400115,5.30722444590444e-05,0.000360493901637443,0,0.000381418179341587,0.000364383142740952,0.000354244799356668,0.000145973398420328,0.000779257737189304,0.000551368491814875,0.000287127783605296,0.000467746737055956,0.00022243480225671,0.000127412154331098,0.000644044963130851,0.000578747870342134,0.000100950175504712,0.000475899117308897,0.000190467428023538,0.000579248119029182,0.000542229592211001,0.000580934756267808,0.000740836124356768,NA,NA,NA,NA,NA,NA,NA,NA,NA,NA,NA,NA,NA,NA,NA,NA,NA,NA,NA
"640.186",0,0.000198293117276115,0,0.000299795367877744,5.21340058686334e-05,5.94521500312262e-06,0.000357662385029308,0.000266002478808922,0.000183212744225153,0.000393850443668507,0.000260284898770623,3.74937023542252e-05,7.82577988482708e-05,0,2.3169723454891e-07,0.000179643519830701,0.00049162564658825,0.000647061706521746,0.000121798334976794,0.000386274326051251,0.000362747648315465,0.000463816790326198,0.000187020957015333,0.000388014757716083,6.9636805337942e-05,0.000687611568064839,0.000140022805564622,0.000656743141095834,0.000456214074548283,0.000419322433317274,0.00037788193969361,0.000411810691907041,0.000544881131020726,NA,NA,NA,NA,NA,NA,NA,NA,NA,NA,NA,NA,NA,NA,NA,NA,NA,NA,NA,NA
"644.903",0,0.00025385423194608,8.03784038475636e-06,0.000542005386279294,0.000204069825809575,0.000172875398046466,0.000498214711735088,6.72325831492295e-05,0.000246246160404249,0.000109318487659155,0.000291944738149513,0.000426985031723107,0.000273011025584276,0.000375860666874412,0.000244873712365536,0.000554183927040028,0.000131284309226723,0.000437475018128576,0.00025409028522372,0.000646435623856566,0.00071626721993977,0.00043248721874088,0.000715237809483237,0.000430899543745227,0.00043157941612832,0.00032618247165912,0.000169852648661198,8.09663907214951e-05,0.000272822895028296,0.000406636343731082,0.00100253723628885,0.000483972596656051,0.000392632166226452,NA,NA,NA,NA,NA,NA,NA,NA,NA,NA,NA,NA,NA,NA,NA,NA,NA,NA,NA,NA
"649.621",0,6.3222928120967e-05,0.00012323119033676,0,0.000430721820047032,3.35836349566763e-05,0.000339160876638109,0.000103489815504944,0.000247587692941899,0.000367059028361942,0.000316840977206956,0.000206333637186516,6.22901010696559e-05,0.000495231845340875,0.000342017872205543,0.000521396563183683,0.00029189537083385,0.000326401114851306,0.000566203926386854,0.000471105130136517,0.000242382393772929,0.000168390318280462,0.000183965850848802,0.000515847802440257,0.000647203405058395,0.000465623130409746,0.000476502946040499,0.000427814474481907,0.000393889878917186,0.000503777237311054,0.000277318381155112,0.00055690288754525,NA,NA,NA,NA,NA,NA,NA,NA,NA,NA,NA,NA,NA,NA,NA,NA,NA,NA,NA,NA,NA
"654.341",0,0.000982029619125675,0,0.000378688518998672,0.00016626662511207,0.000604808410357851,4.00208573715676e-05,0.000212077745878607,0.000149094743344103,0.000477352696989259,0.000405355873385858,0.000316112654590854,0.000296445306564319,0.00039083112882207,0.000262937635713586,0.000568137019376735,0.000574057246414016,0.000343286670797857,0.000270748138640191,0.000737952219431193,0.000404440530496555,0.000366556191418668,0.000587745037260108,0.000544063697653281,0.000535327917684296,0.000601938876922861,0.000393273351743543,0.000120203113193329,0.000464749950416133,0.000231120374843964,0.000421884907997661,0.000485243461268878,NA,NA,NA,NA,NA,NA,NA,NA,NA,NA,NA,NA,NA,NA,NA,NA,NA,NA,NA,NA,NA
"659.063",0.000196880090096439,4.18065807048329e-05,1.6951559420639e-05,9.84864605682329e-05,0.000369297483475831,0,0.000245850238044054,0.000287960343839746,0.000366043901099811,0.000154177877650045,0.000501566070044742,7.91990279138759e-05,0.000555956581350796,0.000197400416761789,0.000321748588957741,0.000153860092477489,0.000240078350986594,0.000345962846132547,0.000353748054693916,0.000351923606588139,5.80975388997673e-05,6.75072667596166e-05,0.000325854338977922,0.000290651899681143,0.000211001966422645,0.000331438402736164,0.000359814410356611,0.000117400080316523,0.000475479888416448,0.000129165323794007,0.000283764433067063,0.000387158524070017,NA,NA,NA,NA,NA,NA,NA,NA,NA,NA,NA,NA,NA,NA,NA,NA,NA,NA,NA,NA,NA
"663.787",0.000352054391000221,0.000910345855849432,0.000387968107578831,0.00039521575723728,0.000655510002971219,0.000244903522716196,0.00027074289429994,0.000485182715302795,0.000459271853741189,0.000400462281375953,0.000164346380298756,0.000489810756091642,0.000378356570428182,0.000769696879247565,0.000358539602969413,0.000622632268930232,0.000691549334958115,0.000570689781063805,0.000280569254299986,0.00043844018857394,0.000543471925413786,0.00043424710919296,0.000199113320504954,0.000874980805590878,0.000524190283354098,0.000690974861179919,0.000599060157872606,0.000617837476580106,0.000802227891373958,0.000809712858660887,0.000650436071011222,NA,NA,NA,NA,NA,NA,NA,NA,NA,NA,NA,NA,NA,NA,NA,NA,NA,NA,NA,NA,NA,NA
"668.512",0,0,0,0,0,0,8.93894481694004e-05,0,0,0.00018806924727404,0.000316158407092741,0.000292667374995681,0,0,4.34567408437815e-05,0.000114428550580405,0.000550670253960749,0.00036125427318793,0,0.000110510431696657,0,0.000270536634734345,0.000294448783603629,0,0.00024669380372397,0.000152443089081855,6.79943145597669e-05,0,0.000419298997561779,7.68547352093861e-05,0.000109448856496125,NA,NA,NA,NA,NA,NA,NA,NA,NA,NA,NA,NA,NA,NA,NA,NA,NA,NA,NA,NA,NA,NA
"673.238",0,9.50964123836687e-05,2.17065015631008e-05,0.000105291249287412,0.000161849598818794,4.45516770634732e-05,0,0.000339506425721914,0.000108565455411534,5.57139879364479e-05,0.000460300394763175,0,6.15534695792888e-05,0,0,0.000366539662696351,0.000163271777275095,0.000287552160209412,0,0.00038924866863791,0,0,0.000321936419807329,0,0.00057873767591181,0.000482406174912948,0.000165921331047711,0.000266429225966324,0,0,NA,NA,NA,NA,NA,NA,NA,NA,NA,NA,NA,NA,NA,NA,NA,NA,NA,NA,NA,NA,NA,NA,NA
"677.967",0.00019320239669849,0.000283031339316413,0,0,0.000187777417863422,0,7.35075377863379e-05,5.91810956555996e-05,0.000150711202011241,0,6.86171845992661e-05,4.09552019744108e-05,0.000324625965249221,0.000355048022046146,0.000344066590584886,2.19655637438233e-05,0.000103514370703167,8.88830078269458e-05,0.000459206326847787,0.000229202013864863,0.000573615457096121,0,0,2.94552401733906e-05,8.35535137880494e-06,0.00013899380206157,0.000383890093753353,0.000344121751742937,0.000206992148703003,0,NA,NA,NA,NA,NA,NA,NA,NA,NA,NA,NA,NA,NA,NA,NA,NA,NA,NA,NA,NA,NA,NA,NA
"682.696",0,0,0.000118740471082586,0,0,0.000330651990254528,4.71129959538476e-05,0,7.37727410913821e-05,9.06539860979789e-05,6.08626211634453e-06,0.000224553565563833,0.00015612743290159,0.000389618552706264,0.000192352954041585,0.000146016221647134,0.00014687130832917,0.000227876238879746,0.000263119384880306,0.000552194452412384,0,0,0.000253345525662433,0.000198359209571452,0.000469022374798508,0.000553692159153281,1.16537097490055e-05,0,0.000156288425665309,NA,NA,NA,NA,NA,NA,NA,NA,NA,NA,NA,NA,NA,NA,NA,NA,NA,NA,NA,NA,NA,NA,NA,NA
"687.428",0.000622898516983958,0.000795542099184358,0.000115212998483237,0.000618493849813874,0.000425507227471621,0.000339521986839495,0.000515721968517613,0.000129461161544153,0.000274622406088961,0.000282329935670092,6.95317660329383e-05,0.000592373049436836,0.000818335678999455,0.000465645187965276,0.00048048576538015,0.000581731591621977,7.77363288989758e-05,0.000249987591137517,0.000279119333387712,0.00071351798564792,0.00044843871158708,0.000513534217022881,0.000396060068406702,0.000242790469170402,0.000722934846570786,0.000871993656685246,0.000464347810800877,0.000769526848516933,0.000650744862297271,NA,NA,NA,NA,NA,NA,NA,NA,NA,NA,NA,NA,NA,NA,NA,NA,NA,NA,NA,NA,NA,NA,NA,NA
"692.16",0,0.000353397572437393,2.67839766548928e-05,0,0.000507747145924568,0,0.000223017693395781,0,0,1.4493903679361e-05,1.01133406199612e-05,0,3.1903865784138e-05,0,0,0,0.000148620469670083,0.000304873461724198,0,0.000143647189958382,0.000573453244191458,0.000311992573347136,0,0,1.65267776736827e-05,0.000221478877002775,0.000163649314791072,0,NA,NA,NA,NA,NA,NA,NA,NA,NA,NA,NA,NA,NA,NA,NA,NA,NA,NA,NA,NA,NA,NA,NA,NA,NA
"696.895",0,0,0.000403828725037187,0.000226963701234153,3.65462273986632e-05,0.00019181348730829,0.000163960584314909,1.58827894828728e-05,0,0.000109678576169877,0.000429594955228547,0.000377874200464596,0.000235081010154539,0.000459425985349647,0.000158584936853329,7.65076074155831e-06,0.000417368073225109,0.000178279695172032,0,0.000418448120875031,0.000113756564962281,0.000264333473073091,0.000160564784602579,0.000267101202283531,0.00029065519867218,0.000306071752418786,0.000242779903101011,0.000179574915977141,NA,NA,NA,NA,NA,NA,NA,NA,NA,NA,NA,NA,NA,NA,NA,NA,NA,NA,NA,NA,NA,NA,NA,NA,NA
"701.63",0.000362431818913486,0,0.00031217381701471,0.000622817147050275,0,0.000439823470888091,4.32046485319983e-05,0.00025289906539569,0.000141331114682924,9.89256124771517e-05,0.000329508007917685,9.98184233038993e-05,0.00032142558268309,5.85832263422119e-05,2.65459490502792e-05,0.000439694032628215,0.000201863932635815,9.59746888109922e-05,0.000123773542927278,6.28497609531289e-05,0,0.000297983624555412,0.000264793752756613,0.000234451447135143,0.000354452734643107,0.000652843320750171,0.000260699488497279,NA,NA,NA,NA,NA,NA,NA,NA,NA,NA,NA,NA,NA,NA,NA,NA,NA,NA,NA,NA,NA,NA,NA,NA,NA,NA
"706.367",0,0,0,0.000253005196736029,0,0,0,7.3745863019829e-05,0.000235234275157484,0.000220862489436528,2.96430088437238e-05,0,0,6.31742566959779e-05,0.000315344104287239,0.000113858327376111,0,6.76261861496612e-05,0.000222610115384805,0.000466308375648085,0,0.000173846755965239,8.63813888721955e-05,7.0001097923147e-05,0.000137801972888188,0.000154099824478856,0.000227910649368207,NA,NA,NA,NA,NA,NA,NA,NA,NA,NA,NA,NA,NA,NA,NA,NA,NA,NA,NA,NA,NA,NA,NA,NA,NA,NA
"711.106",0.000701649377205045,0.000845639332979119,0.000643352510988513,0.000247054604244171,0,0.000303259955810725,5.25080767656433e-06,0.000372900515011289,0.000183457007949152,0.000312662101972513,0.000195295107441306,0.000662259117307294,0.000603908027655088,0.000614678746876632,0.000424198595865637,0.000231052978724892,0.000564332417353164,0.00063706216008339,0.000431875853292561,0.000858903662094761,0.000307394577827798,0.000416285258264394,0.000936956609915133,0.000533017040548749,0.000269880377911574,0.000365183866199587,0.000549596622353698,NA,NA,NA,NA,NA,NA,NA,NA,NA,NA,NA,NA,NA,NA,NA,NA,NA,NA,NA,NA,NA,NA,NA,NA,NA,NA
"715.845",0.00066355900653415,0.000334974711170626,6.08935469678507e-05,0,4.19874535797708e-05,0.000258641150185609,1.85134922466428e-05,0.000183935216205304,0.000141189432055954,0.00012651987239202,0.00013031166146445,0,0,0.000349020053648882,0.000247666677103299,0.000210130144501634,0.000349379215114263,0.000493019455105257,0.000199509668826768,0.000241000318747053,0.000616378754731589,0,0.000255812375765112,0.000417698191481798,0.000362502370243217,0.000166300473964783,NA,NA,NA,NA,NA,NA,NA,NA,NA,NA,NA,NA,NA,NA,NA,NA,NA,NA,NA,NA,NA,NA,NA,NA,NA,NA,NA
"720.586",0.000433683223054378,0.000630283114172536,2.34146685159028e-05,0,1.50733504478921e-05,0,0.00021885206256377,0.000146452506628414,0,0.000283624800350293,0.000221057465794407,0,3.73840313128081e-06,4.1507365459244e-06,0,0.000248799151361059,0,0.000376819774887965,0.000289832430375835,0,0.00045943327592749,0,0.000139823023285841,9.8708089502799e-05,0.000273588985937119,0.000220615566527636,NA,NA,NA,NA,NA,NA,NA,NA,NA,NA,NA,NA,NA,NA,NA,NA,NA,NA,NA,NA,NA,NA,NA,NA,NA,NA,NA
"725.329",0.00078457752089893,0.000172469383355277,0,0.00060950503530583,0.00068384389967746,0.000174820500967547,0.000243030114284612,0.000315767149760146,0.000143197561943171,0.000189428300280339,0.000451069843107118,0.000529860276474094,0.000788233535008722,0.00040411154657108,0.000346645252423919,0.000224602086091965,0.000982721080058292,0.000662511902648802,0.000933879082211348,0.000967144417967105,0.000675658022330295,0.000441013569643016,0.000711975251345958,0.000605440818023285,0.000662325820121836,NA,NA,NA,NA,NA,NA,NA,NA,NA,NA,NA,NA,NA,NA,NA,NA,NA,NA,NA,NA,NA,NA,NA,NA,NA,NA,NA,NA
"730.072",0.00102505968404365,0.000489449258096815,1.90570473523157e-05,5.81657545646965e-05,0.000419754068667114,5.64951500796603e-05,0,0.000182941355968839,0.000461665366889861,0.00018753230712906,0.000105897325336544,0,0.000339547370427372,0.000497487749034068,0,0.000333351849311177,0.000436012932836463,0.000317751220850166,0.000382990368134882,7.21025464022596e-05,0.000150923034680962,8.59247660168278e-05,0.000170921103889189,0.000325560562323246,4.40115072352031e-05,NA,NA,NA,NA,NA,NA,NA,NA,NA,NA,NA,NA,NA,NA,NA,NA,NA,NA,NA,NA,NA,NA,NA,NA,NA,NA,NA,NA
"734.817",0,0.000286241949685744,0.000337039066095277,7.66661293863697e-05,0.000164508954077846,0.000177316442850952,0,9.94449280095187e-05,0.000282253471278887,3.71840389552367e-05,0,0,0.000380306053207074,0.000342747830721759,6.91761159410555e-05,0.000247932397853045,0.000249361326100926,0.000329459807440732,0,0.000382514653387757,0,0.000101424165571489,0.000301129463401196,5.16192146090317e-05,NA,NA,NA,NA,NA,NA,NA,NA,NA,NA,NA,NA,NA,NA,NA,NA,NA,NA,NA,NA,NA,NA,NA,NA,NA,NA,NA,NA,NA
"739.563",0,0,0,0,0,0,0,0.000215898969050317,0.000171390468139198,0.000109741344812801,0.000156556768921619,0.000302585314304451,0,0.000410212937610275,0.000323249343471722,0,0.000209733099119936,0.000391596725463085,0.000375696536293398,0.000417994105686102,0.000308096336541054,0,0,0.00018741616641813,NA,NA,NA,NA,NA,NA,NA,NA,NA,NA,NA,NA,NA,NA,NA,NA,NA,NA,NA,NA,NA,NA,NA,NA,NA,NA,NA,NA,NA
"744.31",0.00040643079098256,0.000514689623163583,0,5.98228512336528e-05,0,0.000163191315183275,0.000107823732429456,0.000302312807329623,0,0.000136134833028342,0,0,6.96912499693265e-05,0.000153950001239145,0.000103457761201599,0.000322571762258933,0,0.000117835885018206,0.000413844879956485,2.67617415702545e-05,0,0,0.000161271617344063,NA,NA,NA,NA,NA,NA,NA,NA,NA,NA,NA,NA,NA,NA,NA,NA,NA,NA,NA,NA,NA,NA,NA,NA,NA,NA,NA,NA,NA,NA
"749.058",0.000379980571864218,0.000213250975651673,0.000288461514710776,0.000586622557156077,0.000278960308612123,0.000193983869060973,0.00030467392036849,0.000210358582896397,0.000183151720751874,0.000303847146150756,0.000241203856718252,0.000232401434645001,0.000573163305489262,0.000469975266036051,0.000617798542252565,0.000420973079454987,8.71281001446458e-05,0.000376093546906311,0.000388072825912391,0.000463458230527249,0.000172815662717791,0.000650458739889257,0.000389698825308792,NA,NA,NA,NA,NA,NA,NA,NA,NA,NA,NA,NA,NA,NA,NA,NA,NA,NA,NA,NA,NA,NA,NA,NA,NA,NA,NA,NA,NA,NA
"753.808",0,0.000301413263112704,0.00056765440495898,0.000223222766656597,0.000226929213984927,0,5.70845294788529e-05,0,0,0.000133630236314696,0.000173973979939401,0.000263176408304027,9.46654111138713e-05,8.41632158515884e-05,0,0.000168902009942878,2.27677314682076e-05,0,0,0.000207010682278783,0.000421866493634595,0,NA,NA,NA,NA,NA,NA,NA,NA,NA,NA,NA,NA,NA,NA,NA,NA,NA,NA,NA,NA,NA,NA,NA,NA,NA,NA,NA,NA,NA,NA,NA
"758.558",0.000171765272835884,0.000840575217084971,0.000258143011431101,2.40720403375784e-05,0.000331577736819692,0.000353481396048727,0,0,0,9.96393294139302e-05,3.33916316919727e-05,0,0.000192352004616081,0.000308684735181593,0,0.000295943775756101,0.000800623897191698,0.000462388648740656,0.000371430909491646,2.75316784360081e-05,0.000380472113805865,0.000330159496363009,NA,NA,NA,NA,NA,NA,NA,NA,NA,NA,NA,NA,NA,NA,NA,NA,NA,NA,NA,NA,NA,NA,NA,NA,NA,NA,NA,NA,NA,NA,NA
"763.31",0.00015557827223387,0,6.32371184886624e-05,0.000349955089646915,0,0,0.000106514083538377,0.000288798637590822,0,0,0,0,8.40997728860087e-05,0,0.00030081911535925,0.000414839376144687,0,0,0.000452894924311802,0,0,NA,NA,NA,NA,NA,NA,NA,NA,NA,NA,NA,NA,NA,NA,NA,NA,NA,NA,NA,NA,NA,NA,NA,NA,NA,NA,NA,NA,NA,NA,NA,NA
"768.062",0.000288049064562683,0.000268952238788549,0.000116919977778512,0.000268625908388342,2.5896549056432e-05,0.000207249368798295,0.000212012797770532,0,0.000163046086064897,0.000341456734600549,0.000159198861695238,3.62268701017654e-05,0,0.000202852677806967,0.000160718651184108,0.000171440366679382,0,1.45319687781959e-05,0,0.000211068503353136,0.000318909983637122,NA,NA,NA,NA,NA,NA,NA,NA,NA,NA,NA,NA,NA,NA,NA,NA,NA,NA,NA,NA,NA,NA,NA,NA,NA,NA,NA,NA,NA,NA,NA,NA
"772.815",0.000104689297302841,0,0,0,0,0,1.50180189960986e-05,0,0,0,0,0,0,0.000161071275648423,0,0,0,0,0,0,0,NA,NA,NA,NA,NA,NA,NA,NA,NA,NA,NA,NA,NA,NA,NA,NA,NA,NA,NA,NA,NA,NA,NA,NA,NA,NA,NA,NA,NA,NA,NA,NA
"777.57",2.66023674574436e-05,0,1.08157817214373e-05,0,3.96889546345745e-05,0.000115646522628096,0.000237548300345096,7.91263227458025e-05,6.95193713643819e-05,0,0,3.25352664063452e-05,0,0,0.000268497575858838,9.45958114125483e-05,0,0,0,0.000464675922668246,NA,NA,NA,NA,NA,NA,NA,NA,NA,NA,NA,NA,NA,NA,NA,NA,NA,NA,NA,NA,NA,NA,NA,NA,NA,NA,NA,NA,NA,NA,NA,NA,NA
"782.325",0.000142448728843691,0,0.000544551654708151,0.00015992516734941,0.000228525396477433,8.51587401428787e-05,0,0.000149556118671984,0,0.000276027242308921,0,1.40510439512479e-05,0.000400584392391499,0.00025782271943137,0.000379015336098073,0,0,0,0.000640950984181533,6.6478925490455e-06,NA,NA,NA,NA,NA,NA,NA,NA,NA,NA,NA,NA,NA,NA,NA,NA,NA,NA,NA,NA,NA,NA,NA,NA,NA,NA,NA,NA,NA,NA,NA,NA,NA
"787.081",0,0,0,0,0,0,0,5.68515671395267e-05,0,5.81813048616515e-05,7.81995410974813e-06,0,0,0,0,0,0.000178084259607284,0,0,NA,NA,NA,NA,NA,NA,NA,NA,NA,NA,NA,NA,NA,NA,NA,NA,NA,NA,NA,NA,NA,NA,NA,NA,NA,NA,NA,NA,NA,NA,NA,NA,NA,NA
"791.838",0.000417335072562857,0.000602439861108371,0,0.000116195201509315,0.000445488019185624,0.000403098443088723,0,0,0.000119767327863882,0.000421002621244583,0.000390881684584923,0.000460978472434996,0.000305262035141768,0.000127020169904234,0,0,0.000262268681367696,8.33500158142401e-05,0,NA,NA,NA,NA,NA,NA,NA,NA,NA,NA,NA,NA,NA,NA,NA,NA,NA,NA,NA,NA,NA,NA,NA,NA,NA,NA,NA,NA,NA,NA,NA,NA,NA,NA
"796.596",0,5.70147229097959e-05,0,0,0.000495755447327277,0,0.000355398901631027,3.77237383875888e-05,0,0.000214705540173,9.04262595684337e-05,5.90545228207469e-05,0,0,0,0.000262636900422912,1.10810257372308e-05,0,NA,NA,NA,NA,NA,NA,NA,NA,NA,NA,NA,NA,NA,NA,NA,NA,NA,NA,NA,NA,NA,NA,NA,NA,NA,NA,NA,NA,NA,NA,NA,NA,NA,NA,NA
"801.355",0,0,0,0,0,0,0,0,0,0,0,0,0,0,0,0,0,0,NA,NA,NA,NA,NA,NA,NA,NA,NA,NA,NA,NA,NA,NA,NA,NA,NA,NA,NA,NA,NA,NA,NA,NA,NA,NA,NA,NA,NA,NA,NA,NA,NA,NA,NA
"806.114",0.000868411189275668,0.000720939392612612,0,0.000302065498499224,0.000456049715729182,0.000157066550986743,8.64960475376913e-05,0.000147270584062917,0.00037376803127606,0.00029035293106444,0.000372048136835152,0.000308441979635714,0.000206880457977179,7.29645284013988e-05,0.000275268051010217,0.000300466862205721,0.000256723821545086,NA,NA,NA,NA,NA,NA,NA,NA,NA,NA,NA,NA,NA,NA,NA,NA,NA,NA,NA,NA,NA,NA,NA,NA,NA,NA,NA,NA,NA,NA,NA,NA,NA,NA,NA,NA
"810.875",0,0,9.40010726739406e-05,0,0.000258220617103891,0.0002116545422254,0.000125315253244891,5.22648319553883e-05,0,3.07938501369921e-06,0.000194106782660383,0.000172629047254016,6.0973808435072e-05,0,0.00013249419384221,0,5.14972853736926e-05,NA,NA,NA,NA,NA,NA,NA,NA,NA,NA,NA,NA,NA,NA,NA,NA,NA,NA,NA,NA,NA,NA,NA,NA,NA,NA,NA,NA,NA,NA,NA,NA,NA,NA,NA,NA
"815.635",0,0,0,0.000130235716417666,0,0.000189959183248304,0.000172911792540633,2.5040846316665e-05,2.77029780757099e-05,3.20043386144265e-05,0,0.000561799279664266,0.000572257261954637,8.21323820195726e-05,0,1.31910967811841e-05,NA,NA,NA,NA,NA,NA,NA,NA,NA,NA,NA,NA,NA,NA,NA,NA,NA,NA,NA,NA,NA,NA,NA,NA,NA,NA,NA,NA,NA,NA,NA,NA,NA,NA,NA,NA,NA
"820.397",0,7.08500713325958e-05,0,0.000102164309735334,0,0,0,0.000169896952710008,0,0,0,0.000274465704650141,0,0.000783131515001046,0,3.32546496695574e-05,NA,NA,NA,NA,NA,NA,NA,NA,NA,NA,NA,NA,NA,NA,NA,NA,NA,NA,NA,NA,NA,NA,NA,NA,NA,NA,NA,NA,NA,NA,NA,NA,NA,NA,NA,NA,NA
"825.159",0,0,0,0,0,0,0,0,2.51225722925539e-05,0,0,0.000173221163139512,0,0,0,NA,NA,NA,NA,NA,NA,NA,NA,NA,NA,NA,NA,NA,NA,NA,NA,NA,NA,NA,NA,NA,NA,NA,NA,NA,NA,NA,NA,NA,NA,NA,NA,NA,NA,NA,NA,NA,NA
